{"customers":[{"id":"customer_1","first_name":"Andrey","last_name":"Alekseev","phone":"+79296758019","workplace":"SteelWorks","position":"Worker"},{"id":"customer_2","first_name":"Petr","last_name":"Smirnov","phone":"+72358780023","workplace":"UrbanLab","position":"Analyst"},{"id":"customer_3","first_name":"Sergey","last_name":"Andreev","phone":"+71364071334","workplace":"BuildCorp","position":"Technician"},{"id":"customer_4","first_name":"Petr","last_name":"Sidorov","phone":"+75278816494","workplace":"BrickHouse","position":"Analyst"},{"id":"customer_5","first_name":"Ivan","last_name":"Volkov","phone":"+77523993692","workplace":"BrickHouse","position":"Technician"},{"id":"customer_6","first_name":"Oleg","last_name":"Petrov","phone":"+77439615486","workplace":"BrickHouse","position":"Worker"},{"id":"customer_7","first_name":"Alexey","last_name":"Petrov","phone":"+71941401702","workplace":"UrbanLab","position":"Analyst"},{"id":"customer_8","first_name":"Andrey","last_name":"Volkov","phone":"+71617548222","workplace":"SteelWorks","position":"Manager"},{"id":"customer_9","first_name":"Oleg","last_name":"Alekseev","phone":"+77316162245","workplace":"BuildCorp","position":"Engineer"},{"id":"customer_10","first_name":"Vladimir","last_name":"Fedorov","phone":"+70149422587","workplace":"BuildCorp","position":"Manager"}],"products":[{"name":"Cement #100","category":"Paints","sku":"SKU_001","purchase_price":460.34,"sale_price":699.99},{"name":"Hammer #101","category":"Tools","sku":"SKU_002","purchase_price":853.12,"sale_price":461.77},{"name":"Gravel #102","category":"Fasteners","sku":"SKU_003","purchase_price":139.07,"sale_price":886.93},{"name":"Drill #103","category":"Tools","sku":"SKU_004","purchase_price":166.71,"sale_price":864.98},{"name":"Screwdriver #104","category":"Tools","sku":"SKU_005","purchase_price":214.73,"sale_price":756.19},{"name":"Bricks #105","category":"Paints","sku":"SKU_006","purchase_price":518.46,"sale_price":193.2},{"name":"Sand #106","category":"Tools","sku":"SKU_007","purchase_price":618.69,"sale_price":361.05},{"name":"Cement #107","category":"Tools","sku":"SKU_008","purchase_price":718.2,"sale_price":805.26},{"name":"Bricks #108","category":"Paints","sku":"SKU_009","purchase_price":275.44,"sale_price":476.21},{"name":"Paint #109","category":"Fasteners","sku":"SKU_010","purchase_price":218.66,"sale_price":1004.34},{"name":"Paint #110","category":"Fasteners","sku":"SKU_011","purchase_price":391.44,"sale_price":419.64},{"name":"Sand #111","category":"Tools","sku":"SKU_012","purchase_price":285.34,"sale_price":627.82},{"name":"Cement #112","category":"Tools","sku":"SKU_013","purchase_price":246.67,"sale_price":162.55},{"name":"Screwdriver #113","category":"Materials","sku":"SKU_014","purchase_price":182,"sale_price":470.6},{"name":"Paint #114","category":"Materials","sku":"SKU_015","purchase_price":957.9,"sale_price":422.33},{"name":"Bricks #115","category":"Paints","sku":"SKU_016","purchase_price":599.85,"sale_price":424.06},{"name":"Drill #116","category":"Fasteners","sku":"SKU_017","purchase_price":976.24,"sale_price":786.87},{"name":"Cement #117","category":"Fasteners","sku":"SKU_018","purchase_price":345.4,"sale_price":867.23},{"name":"Paint #118","category":"Materials","sku":"SKU_019","purchase_price":586.71,"sale_price":743.81},{"name":"Sand #119","category":"Materials","sku":"SKU_020","purchase_price":921.78,"sale_price":211.88},{"name":"Drill #120","category":"Fasteners","sku":"SKU_021","purchase_price":559.89,"sale_price":664.52},{"name":"Drill #121","category":"Materials","sku":"SKU_022","purchase_price":966.3,"sale_price":257.3},{"name":"Bricks #122","category":"Materials","sku":"SKU_023","purchase_price":658.31,"sale_price":903.39},{"name":"Screwdriver #123","category":"Fasteners","sku":"SKU_024","purchase_price":599.39,"sale_price":585.11},{"name":"Hammer #124","category":"Materials","sku":"SKU_025","purchase_price":583.83,"sale_price":733.64},{"name":"Drill #125","category":"Tools","sku":"SKU_026","purchase_price":307.37,"sale_price":673.18},{"name":"Sand #126","category":"Materials","sku":"SKU_027","purchase_price":869.53,"sale_price":879.54},{"name":"Bricks #127","category":"Fasteners","sku":"SKU_028","purchase_price":113.19,"sale_price":970.58},{"name":"Hammer #128","category":"Paints","sku":"SKU_029","purchase_price":256.36,"sale_price":218.16},{"name":"Paint #129","category":"Tools","sku":"SKU_030","purchase_price":143.44,"sale_price":1026.62},{"name":"Drill #130","category":"Tools","sku":"SKU_031","purchase_price":950.16,"sale_price":299.3},{"name":"Gravel #131","category":"Tools","sku":"SKU_032","purchase_price":969.65,"sale_price":846.1},{"name":"Nails #132","category":"Tools","sku":"SKU_033","purchase_price":246.4,"sale_price":676.92},{"name":"Saw #133","category":"Fasteners","sku":"SKU_034","purchase_price":507.58,"sale_price":1041.39},{"name":"Sand #134","category":"Paints","sku":"SKU_035","purchase_price":210.59,"sale_price":1032.56},{"name":"Cement #135","category":"Tools","sku":"SKU_036","purchase_price":749.32,"sale_price":924.62},{"name":"Saw #136","category":"Materials","sku":"SKU_037","purchase_price":245.04,"sale_price":195.38},{"name":"Paint #137","category":"Paints","sku":"SKU_038","purchase_price":529.94,"sale_price":662.55},{"name":"Bricks #138","category":"Paints","sku":"SKU_039","purchase_price":314.27,"sale_price":1094.67},{"name":"Hammer #139","category":"Tools","sku":"SKU_040","purchase_price":764.22,"sale_price":426.88},{"name":"Bricks #140","category":"Tools","sku":"SKU_041","purchase_price":609.39,"sale_price":262.25},{"name":"Nails #141","category":"Paints","sku":"SKU_042","purchase_price":849.79,"sale_price":969.28},{"name":"Paint #142","category":"Materials","sku":"SKU_043","purchase_price":549.13,"sale_price":500.94},{"name":"Bricks #143","category":"Fasteners","sku":"SKU_044","purchase_price":431.36,"sale_price":907.46},{"name":"Bricks #144","category":"Paints","sku":"SKU_045","purchase_price":577.21,"sale_price":414.71},{"name":"Sand #145","category":"Paints","sku":"SKU_046","purchase_price":684.05,"sale_price":844.95},{"name":"Sand #146","category":"Materials","sku":"SKU_047","purchase_price":945.29,"sale_price":559.05},{"name":"Cement #147","category":"Materials","sku":"SKU_048","purchase_price":756.85,"sale_price":352.25},{"name":"Hammer #148","category":"Tools","sku":"SKU_049","purchase_price":668.53,"sale_price":448.95},{"name":"Hammer #149","category":"Tools","sku":"SKU_050","purchase_price":995.7,"sale_price":590.8},{"name":"Hammer #150","category":"Paints","sku":"SKU_051","purchase_price":155.81,"sale_price":649.49},{"name":"Bricks #151","category":"Materials","sku":"SKU_052","purchase_price":362.77,"sale_price":764.17},{"name":"Cement #152","category":"Materials","sku":"SKU_053","purchase_price":708.01,"sale_price":987.47},{"name":"Cement #153","category":"Fasteners","sku":"SKU_054","purchase_price":994.43,"sale_price":267.87},{"name":"Nails #154","category":"Tools","sku":"SKU_055","purchase_price":693.32,"sale_price":777.8},{"name":"Saw #155","category":"Paints","sku":"SKU_056","purchase_price":533.88,"sale_price":724.45},{"name":"Nails #156","category":"Tools","sku":"SKU_057","purchase_price":865.03,"sale_price":615.91},{"name":"Paint #157","category":"Tools","sku":"SKU_058","purchase_price":883.58,"sale_price":1005.27},{"name":"Cement #158","category":"Paints","sku":"SKU_059","purchase_price":461.86,"sale_price":866.44},{"name":"Paint #159","category":"Materials","sku":"SKU_060","purchase_price":727.67,"sale_price":554.22},{"name":"Cement #160","category":"Tools","sku":"SKU_061","purchase_price":370.32,"sale_price":721.71},{"name":"Screwdriver #161","category":"Fasteners","sku":"SKU_062","purchase_price":833.53,"sale_price":433.31},{"name":"Bricks #162","category":"Paints","sku":"SKU_063","purchase_price":301.89,"sale_price":916.52},{"name":"Bricks #163","category":"Materials","sku":"SKU_064","purchase_price":958.56,"sale_price":321.62},{"name":"Paint #164","category":"Paints","sku":"SKU_065","purchase_price":500.4,"sale_price":1026.73},{"name":"Paint #165","category":"Paints","sku":"SKU_066","purchase_price":276.36,"sale_price":1068.99},{"name":"Cement #166","category":"Fasteners","sku":"SKU_067","purchase_price":282.62,"sale_price":474.02},{"name":"Nails #167","category":"Paints","sku":"SKU_068","purchase_price":591.71,"sale_price":422.62},{"name":"Hammer #168","category":"Tools","sku":"SKU_069","purchase_price":868.83,"sale_price":674.13},{"name":"Paint #169","category":"Materials","sku":"SKU_070","purchase_price":399.96,"sale_price":740.38},{"name":"Paint #170","category":"Materials","sku":"SKU_071","purchase_price":322.75,"sale_price":417.83},{"name":"Paint #171","category":"Materials","sku":"SKU_072","purchase_price":248.8,"sale_price":396.55},{"name":"Sand #172","category":"Tools","sku":"SKU_073","purchase_price":494.76,"sale_price":1001.76},{"name":"Sand #173","category":"Tools","sku":"SKU_074","purchase_price":542.46,"sale_price":872.87},{"name":"Paint #174","category":"Paints","sku":"SKU_075","purchase_price":429.73,"sale_price":287.28},{"name":"Paint #175","category":"Fasteners","sku":"SKU_076","purchase_price":773.9,"sale_price":725.1},{"name":"Bricks #176","category":"Tools","sku":"SKU_077","purchase_price":254.87,"sale_price":330.8},{"name":"Drill #177","category":"Fasteners","sku":"SKU_078","purchase_price":520.68,"sale_price":219.31},{"name":"Paint #178","category":"Fasteners","sku":"SKU_079","purchase_price":739.84,"sale_price":485.24},{"name":"Screwdriver #179","category":"Materials","sku":"SKU_080","purchase_price":109.26,"sale_price":363.57},{"name":"Cement #180","category":"Paints","sku":"SKU_081","purchase_price":787.44,"sale_price":324.64},{"name":"Cement #181","category":"Fasteners","sku":"SKU_082","purchase_price":895.15,"sale_price":887.74},{"name":"Cement #182","category":"Tools","sku":"SKU_083","purchase_price":344.53,"sale_price":762.24},{"name":"Sand #183","category":"Materials","sku":"SKU_084","purchase_price":952.37,"sale_price":826.97},{"name":"Nails #184","category":"Materials","sku":"SKU_085","purchase_price":632.35,"sale_price":612.13},{"name":"Saw #185","category":"Materials","sku":"SKU_086","purchase_price":577.1,"sale_price":344.04},{"name":"Saw #186","category":"Paints","sku":"SKU_087","purchase_price":254.85,"sale_price":883},{"name":"Cement #187","category":"Materials","sku":"SKU_088","purchase_price":265.1,"sale_price":481.28},{"name":"Nails #188","category":"Materials","sku":"SKU_089","purchase_price":304.41,"sale_price":872.11},{"name":"Hammer #189","category":"Fasteners","sku":"SKU_090","purchase_price":727.84,"sale_price":980.03},{"name":"Gravel #190","category":"Fasteners","sku":"SKU_091","purchase_price":666.07,"sale_price":495.26},{"name":"Nails #191","category":"Paints","sku":"SKU_092","purchase_price":744.35,"sale_price":607.5},{"name":"Hammer #192","category":"Fasteners","sku":"SKU_093","purchase_price":548.87,"sale_price":304.98},{"name":"Cement #193","category":"Paints","sku":"SKU_094","purchase_price":268.31,"sale_price":213.22},{"name":"Sand #194","category":"Paints","sku":"SKU_095","purchase_price":784.39,"sale_price":1033.37},{"name":"Bricks #195","category":"Materials","sku":"SKU_096","purchase_price":128.8,"sale_price":981.78},{"name":"Hammer #196","category":"Paints","sku":"SKU_097","purchase_price":474.47,"sale_price":663.52},{"name":"Bricks #197","category":"Tools","sku":"SKU_098","purchase_price":751.17,"sale_price":641.96},{"name":"Paint #198","category":"Paints","sku":"SKU_099","purchase_price":225.48,"sale_price":342.77},{"name":"Gravel #199","category":"Fasteners","sku":"SKU_100","purchase_price":637.15,"sale_price":180.25}],"sellers":[{"id":"seller_1","first_name":"Alexey","last_name":"Petrov","start_date":"2024-07-17","position":"Senior Seller"},{"id":"seller_2","first_name":"Mikhail","last_name":"Nikolaev","start_date":"2024-05-12","position":"Senior Seller"},{"id":"seller_3","first_name":"Ivan","last_name":"Petrov","start_date":"2024-06-18","position":"Seller"},{"id":"seller_4","first_name":"Petr","last_name":"Alekseev","start_date":"2023-12-24","position":"Seller"},{"id":"seller_5","first_name":"Nikolai","last_name":"Ivanov","start_date":"2024-09-16","position":"Seller"}],"purchase_records":[{"receipt_id":"receipt_1","date":"2023-12-04","seller_id":"seller_5","customer_id":"customer_1","items":[{"sku":"SKU_027","discount":7.68,"quantity":1,"sale_price":919.07},{"sku":"SKU_091","discount":4.59,"quantity":3,"sale_price":508.94},{"sku":"SKU_094","discount":3.16,"quantity":3,"sale_price":214.02},{"sku":"SKU_003","discount":2.83,"quantity":1,"sale_price":962.02},{"sku":"SKU_045","discount":9.5,"quantity":2,"sale_price":439.65}],"total_amount":4657.56,"total_discount":271.71},{"receipt_id":"receipt_2","date":"2023-12-04","seller_id":"seller_1","customer_id":"customer_1","items":[{"sku":"SKU_089","discount":10.8,"quantity":1,"sale_price":893.82},{"sku":"SKU_095","discount":10.04,"quantity":3,"sale_price":1103.19},{"sku":"SKU_085","discount":1.51,"quantity":2,"sale_price":629.73}],"total_amount":5015.02,"total_discount":447.83},{"receipt_id":"receipt_3","date":"2024-01-04","seller_id":"seller_1","customer_id":"customer_1","items":[{"sku":"SKU_028","discount":14.55,"quantity":1,"sale_price":1024.75}],"total_amount":875.65,"total_discount":149.1},{"receipt_id":"receipt_4","date":"2024-01-04","seller_id":"seller_5","customer_id":"customer_1","items":[{"sku":"SKU_035","discount":8.74,"quantity":1,"sale_price":1098.61},{"sku":"SKU_061","discount":11.76,"quantity":1,"sale_price":717.26}],"total_amount":1635.5,"total_discount":180.37},{"receipt_id":"receipt_5","date":"2024-02-04","seller_id":"seller_4","customer_id":"customer_1","items":[{"sku":"SKU_040","discount":9.86,"quantity":3,"sale_price":461.33},{"sku":"SKU_050","discount":10.15,"quantity":3,"sale_price":621.18}],"total_amount":2921.92,"total_discount":325.61},{"receipt_id":"receipt_6","date":"2024-03-04","seller_id":"seller_3","customer_id":"customer_1","items":[{"sku":"SKU_077","discount":4.23,"quantity":1,"sale_price":333.79},{"sku":"SKU_035","discount":7.44,"quantity":1,"sale_price":1068.49}],"total_amount":1308.66,"total_discount":93.61},{"receipt_id":"receipt_7","date":"2024-03-04","seller_id":"seller_2","customer_id":"customer_1","items":[{"sku":"SKU_039","discount":3.95,"quantity":1,"sale_price":1179.14},{"sku":"SKU_056","discount":12.02,"quantity":2,"sale_price":780.66},{"sku":"SKU_037","discount":8.04,"quantity":1,"sale_price":210.81},{"sku":"SKU_061","discount":14.62,"quantity":3,"sale_price":747.63},{"sku":"SKU_018","discount":11.52,"quantity":2,"sale_price":890.31}],"total_amount":6190.54,"total_discount":784.23},{"receipt_id":"receipt_8","date":"2024-04-03","seller_id":"seller_5","customer_id":"customer_1","items":[{"sku":"SKU_027","discount":5.33,"quantity":2,"sale_price":918.92},{"sku":"SKU_021","discount":4.87,"quantity":1,"sale_price":677.58}],"total_amount":2384.46,"total_discount":130.96},{"receipt_id":"receipt_9","date":"2024-05-03","seller_id":"seller_4","customer_id":"customer_1","items":[{"sku":"SKU_016","discount":4.47,"quantity":1,"sale_price":434.24},{"sku":"SKU_020","discount":12.49,"quantity":2,"sale_price":210.52},{"sku":"SKU_028","discount":2.1,"quantity":1,"sale_price":981.56}],"total_amount":1744.23,"total_discount":92.61},{"receipt_id":"receipt_10","date":"2024-06-03","seller_id":"seller_2","customer_id":"customer_1","items":[{"sku":"SKU_075","discount":14.68,"quantity":1,"sale_price":304.87},{"sku":"SKU_093","discount":13.54,"quantity":2,"sale_price":329.6},{"sku":"SKU_052","discount":7.98,"quantity":3,"sale_price":797.06},{"sku":"SKU_093","discount":11,"quantity":1,"sale_price":305.56}],"total_amount":3302.37,"total_discount":358.44},{"receipt_id":"receipt_11","date":"2024-06-03","seller_id":"seller_3","customer_id":"customer_1","items":[{"sku":"SKU_023","discount":7.13,"quantity":1,"sale_price":913.6}],"total_amount":848.46,"total_discount":65.14},{"receipt_id":"receipt_12","date":"2024-06-03","seller_id":"seller_2","customer_id":"customer_1","items":[{"sku":"SKU_006","discount":6.16,"quantity":3,"sale_price":199.09}],"total_amount":560.48,"total_discount":36.79},{"receipt_id":"receipt_13","date":"2024-07-03","seller_id":"seller_2","customer_id":"customer_1","items":[{"sku":"SKU_001","discount":8.7,"quantity":1,"sale_price":708.56},{"sku":"SKU_092","discount":9.81,"quantity":3,"sale_price":611.32},{"sku":"SKU_081","discount":11.53,"quantity":2,"sale_price":322.99},{"sku":"SKU_021","discount":13.14,"quantity":2,"sale_price":675.74}],"total_amount":4046.37,"total_discount":493.62},{"receipt_id":"receipt_14","date":"2024-07-03","seller_id":"seller_5","customer_id":"customer_1","items":[{"sku":"SKU_072","discount":7.18,"quantity":2,"sale_price":403.72}],"total_amount":749.47,"total_discount":57.97},{"receipt_id":"receipt_15","date":"2024-08-03","seller_id":"seller_4","customer_id":"customer_1","items":[{"sku":"SKU_090","discount":10.33,"quantity":3,"sale_price":1044.65},{"sku":"SKU_016","discount":10.41,"quantity":2,"sale_price":437.14},{"sku":"SKU_036","discount":3.73,"quantity":3,"sale_price":924.92}],"total_amount":6264.74,"total_discount":518.25},{"receipt_id":"receipt_16","date":"2024-09-03","seller_id":"seller_4","customer_id":"customer_1","items":[{"sku":"SKU_014","discount":6.45,"quantity":1,"sale_price":469.45},{"sku":"SKU_032","discount":8.28,"quantity":3,"sale_price":882.34},{"sku":"SKU_085","discount":1.16,"quantity":3,"sale_price":610.05}],"total_amount":4675.94,"total_discount":270.68},{"receipt_id":"receipt_17","date":"2024-09-03","seller_id":"seller_4","customer_id":"customer_1","items":[{"sku":"SKU_036","discount":0.75,"quantity":2,"sale_price":932.99}],"total_amount":1851.99,"total_discount":13.99},{"receipt_id":"receipt_18","date":"2024-10-03","seller_id":"seller_1","customer_id":"customer_1","items":[{"sku":"SKU_044","discount":9.69,"quantity":3,"sale_price":914.77},{"sku":"SKU_017","discount":6.92,"quantity":1,"sale_price":852.3},{"sku":"SKU_076","discount":9,"quantity":2,"sale_price":722.86}],"total_amount":4587.32,"total_discount":455.02},{"receipt_id":"receipt_19","date":"2024-10-03","seller_id":"seller_1","customer_id":"customer_1","items":[{"sku":"SKU_039","discount":9.22,"quantity":1,"sale_price":1091.24},{"sku":"SKU_053","discount":1.58,"quantity":3,"sale_price":1072.92}],"total_amount":4158.53,"total_discount":151.47},{"receipt_id":"receipt_20","date":"2024-10-03","seller_id":"seller_5","customer_id":"customer_1","items":[{"sku":"SKU_097","discount":4.25,"quantity":1,"sale_price":685.92},{"sku":"SKU_022","discount":1.66,"quantity":2,"sale_price":259.6},{"sku":"SKU_022","discount":14.33,"quantity":2,"sale_price":258.19},{"sku":"SKU_089","discount":10.46,"quantity":2,"sale_price":915.99}],"total_amount":3250.08,"total_discount":303.39},{"receipt_id":"receipt_21","date":"2024-11-04","seller_id":"seller_3","customer_id":"customer_1","items":[{"sku":"SKU_054","discount":6.75,"quantity":2,"sale_price":285.18},{"sku":"SKU_095","discount":6.55,"quantity":3,"sale_price":1083.39},{"sku":"SKU_004","discount":13.13,"quantity":1,"sale_price":866.82},{"sku":"SKU_028","discount":9.16,"quantity":3,"sale_price":1012.71}],"total_amount":7081.99,"total_discount":643.49},{"receipt_id":"receipt_22","date":"2023-12-04","seller_id":"seller_1","customer_id":"customer_2","items":[{"sku":"SKU_006","discount":0.7,"quantity":1,"sale_price":203.82},{"sku":"SKU_061","discount":4.91,"quantity":2,"sale_price":720.39},{"sku":"SKU_006","discount":9.35,"quantity":2,"sale_price":203.84}],"total_amount":1941.99,"total_discount":110.29},{"receipt_id":"receipt_23","date":"2023-12-04","seller_id":"seller_1","customer_id":"customer_2","items":[{"sku":"SKU_062","discount":14.59,"quantity":2,"sale_price":449.21},{"sku":"SKU_098","discount":8.81,"quantity":3,"sale_price":645.58},{"sku":"SKU_096","discount":3.24,"quantity":2,"sale_price":992.93}],"total_amount":4454.97,"total_discount":366.05},{"receipt_id":"receipt_24","date":"2024-01-04","seller_id":"seller_4","customer_id":"customer_2","items":[{"sku":"SKU_007","discount":3.77,"quantity":2,"sale_price":384.91}],"total_amount":740.8,"total_discount":29.02},{"receipt_id":"receipt_25","date":"2024-02-04","seller_id":"seller_1","customer_id":"customer_2","items":[{"sku":"SKU_066","discount":7.92,"quantity":3,"sale_price":1124.4}],"total_amount":3106.04,"total_discount":267.16},{"receipt_id":"receipt_26","date":"2024-02-04","seller_id":"seller_3","customer_id":"customer_2","items":[{"sku":"SKU_088","discount":0.27,"quantity":1,"sale_price":520.55},{"sku":"SKU_058","discount":13.85,"quantity":1,"sale_price":1031.48}],"total_amount":1407.76,"total_discount":144.27},{"receipt_id":"receipt_27","date":"2024-02-04","seller_id":"seller_5","customer_id":"customer_2","items":[{"sku":"SKU_023","discount":6.17,"quantity":1,"sale_price":968.57},{"sku":"SKU_080","discount":4.95,"quantity":2,"sale_price":394.53},{"sku":"SKU_074","discount":0.95,"quantity":2,"sale_price":915.27}],"total_amount":3471.96,"total_discount":116.21},{"receipt_id":"receipt_28","date":"2024-03-04","seller_id":"seller_3","customer_id":"customer_2","items":[{"sku":"SKU_065","discount":4.95,"quantity":1,"sale_price":1063.1}],"total_amount":1010.48,"total_discount":52.62},{"receipt_id":"receipt_29","date":"2024-03-04","seller_id":"seller_4","customer_id":"customer_2","items":[{"sku":"SKU_028","discount":8.32,"quantity":1,"sale_price":1057.8},{"sku":"SKU_055","discount":14.68,"quantity":2,"sale_price":819.18}],"total_amount":2367.64,"total_discount":328.52},{"receipt_id":"receipt_30","date":"2024-04-03","seller_id":"seller_2","customer_id":"customer_2","items":[{"sku":"SKU_023","discount":9.23,"quantity":2,"sale_price":977.49},{"sku":"SKU_017","discount":0.71,"quantity":1,"sale_price":851.91},{"sku":"SKU_057","discount":6.01,"quantity":1,"sale_price":627.98}],"total_amount":3210.64,"total_discount":224.23},{"receipt_id":"receipt_31","date":"2024-04-03","seller_id":"seller_5","customer_id":"customer_2","items":[{"sku":"SKU_027","discount":6,"quantity":2,"sale_price":915.71},{"sku":"SKU_071","discount":8.78,"quantity":1,"sale_price":427.4},{"sku":"SKU_057","discount":11.12,"quantity":3,"sale_price":636.97},{"sku":"SKU_064","discount":10.54,"quantity":1,"sale_price":335.68}],"total_amount":4110.12,"total_discount":395.28},{"receipt_id":"receipt_32","date":"2024-04-03","seller_id":"seller_3","customer_id":"customer_2","items":[{"sku":"SKU_068","discount":11.67,"quantity":2,"sale_price":454.53}],"total_amount":802.97,"total_discount":106.09},{"receipt_id":"receipt_33","date":"2024-05-03","seller_id":"seller_1","customer_id":"customer_2","items":[{"sku":"SKU_054","discount":13.25,"quantity":1,"sale_price":271.25},{"sku":"SKU_095","discount":11.84,"quantity":2,"sale_price":1105.48},{"sku":"SKU_001","discount":9.7,"quantity":2,"sale_price":716.29},{"sku":"SKU_071","discount":11.62,"quantity":1,"sale_price":446.45}],"total_amount":3872.68,"total_discount":488.56},{"receipt_id":"receipt_34","date":"2024-05-03","seller_id":"seller_2","customer_id":"customer_2","items":[{"sku":"SKU_057","discount":1.22,"quantity":2,"sale_price":666.75},{"sku":"SKU_078","discount":12.37,"quantity":2,"sale_price":230.16}],"total_amount":1720.61,"total_discount":73.21},{"receipt_id":"receipt_35","date":"2024-06-03","seller_id":"seller_1","customer_id":"customer_2","items":[{"sku":"SKU_014","discount":9.12,"quantity":3,"sale_price":466.02},{"sku":"SKU_031","discount":0.52,"quantity":3,"sale_price":314.63},{"sku":"SKU_001","discount":9.89,"quantity":3,"sale_price":729.95}],"total_amount":4182.81,"total_discount":348.99},{"receipt_id":"receipt_36","date":"2024-06-03","seller_id":"seller_3","customer_id":"customer_2","items":[{"sku":"SKU_010","discount":5.4,"quantity":2,"sale_price":1087.71},{"sku":"SKU_054","discount":5.07,"quantity":2,"sale_price":266.86},{"sku":"SKU_070","discount":12.15,"quantity":3,"sale_price":739.54},{"sku":"SKU_072","discount":8.95,"quantity":1,"sale_price":410.9}],"total_amount":4887.79,"total_discount":450.87},{"receipt_id":"receipt_37","date":"2024-07-03","seller_id":"seller_5","customer_id":"customer_2","items":[{"sku":"SKU_004","discount":8.02,"quantity":1,"sale_price":929.48},{"sku":"SKU_083","discount":7.26,"quantity":1,"sale_price":821.43},{"sku":"SKU_081","discount":4.95,"quantity":1,"sale_price":338.96},{"sku":"SKU_096","discount":12.67,"quantity":3,"sale_price":981.48}],"total_amount":4510.29,"total_discount":524.02},{"receipt_id":"receipt_38","date":"2024-07-03","seller_id":"seller_4","customer_id":"customer_2","items":[{"sku":"SKU_029","discount":0.78,"quantity":1,"sale_price":237.73},{"sku":"SKU_081","discount":13.61,"quantity":1,"sale_price":341.48},{"sku":"SKU_048","discount":5.48,"quantity":2,"sale_price":377.65}],"total_amount":1244.79,"total_discount":89.72},{"receipt_id":"receipt_39","date":"2024-07-03","seller_id":"seller_3","customer_id":"customer_2","items":[{"sku":"SKU_041","discount":10.55,"quantity":3,"sale_price":283.64}],"total_amount":761.15,"total_discount":89.77},{"receipt_id":"receipt_40","date":"2024-08-03","seller_id":"seller_1","customer_id":"customer_2","items":[{"sku":"SKU_015","discount":3.1,"quantity":3,"sale_price":421.48},{"sku":"SKU_021","discount":6.17,"quantity":2,"sale_price":690.2}],"total_amount":2520.47,"total_discount":124.37},{"receipt_id":"receipt_41","date":"2024-08-03","seller_id":"seller_1","customer_id":"customer_2","items":[{"sku":"SKU_048","discount":1.27,"quantity":3,"sale_price":373.94},{"sku":"SKU_029","discount":9.59,"quantity":3,"sale_price":224.14},{"sku":"SKU_096","discount":9.52,"quantity":3,"sale_price":1053.24},{"sku":"SKU_090","discount":6.46,"quantity":3,"sale_price":1029.13}],"total_amount":7462.35,"total_discount":578.98},{"receipt_id":"receipt_42","date":"2024-08-03","seller_id":"seller_2","customer_id":"customer_2","items":[{"sku":"SKU_040","discount":5.97,"quantity":2,"sale_price":463.54}],"total_amount":871.73,"total_discount":55.35},{"receipt_id":"receipt_43","date":"2024-09-03","seller_id":"seller_4","customer_id":"customer_2","items":[{"sku":"SKU_056","discount":0.12,"quantity":2,"sale_price":724.83},{"sku":"SKU_027","discount":5.41,"quantity":3,"sale_price":920.84},{"sku":"SKU_095","discount":4.72,"quantity":1,"sale_price":1057.89}],"total_amount":5068.95,"total_discount":201.12},{"receipt_id":"receipt_44","date":"2024-09-03","seller_id":"seller_1","customer_id":"customer_2","items":[{"sku":"SKU_096","discount":2.29,"quantity":3,"sale_price":1017.85}],"total_amount":2983.62,"total_discount":69.93},{"receipt_id":"receipt_45","date":"2024-09-03","seller_id":"seller_4","customer_id":"customer_2","items":[{"sku":"SKU_030","discount":4.19,"quantity":1,"sale_price":1096.81},{"sku":"SKU_041","discount":6.08,"quantity":3,"sale_price":275.75},{"sku":"SKU_015","discount":12.76,"quantity":2,"sale_price":439.93},{"sku":"SKU_093","discount":11.03,"quantity":2,"sale_price":327.39}],"total_amount":3177.95,"total_discount":280.75},{"receipt_id":"receipt_46","date":"2024-10-03","seller_id":"seller_3","customer_id":"customer_2","items":[{"sku":"SKU_017","discount":0.61,"quantity":3,"sale_price":819.5},{"sku":"SKU_095","discount":4.45,"quantity":2,"sale_price":1025.66},{"sku":"SKU_032","discount":9.37,"quantity":3,"sale_price":885.82},{"sku":"SKU_082","discount":6.91,"quantity":3,"sale_price":909.59}],"total_amount":9352.21,"total_discount":543.84},{"receipt_id":"receipt_47","date":"2024-10-03","seller_id":"seller_5","customer_id":"customer_2","items":[{"sku":"SKU_100","discount":14.94,"quantity":2,"sale_price":185.29},{"sku":"SKU_097","discount":3.1,"quantity":3,"sale_price":686.02},{"sku":"SKU_073","discount":14.63,"quantity":2,"sale_price":1084.23}],"total_amount":4160.69,"total_discount":436.41},{"receipt_id":"receipt_48","date":"2024-11-04","seller_id":"seller_1","customer_id":"customer_2","items":[{"sku":"SKU_003","discount":7.6,"quantity":2,"sale_price":964.39}],"total_amount":1782.19,"total_discount":146.59},{"receipt_id":"receipt_49","date":"2023-12-04","seller_id":"seller_1","customer_id":"customer_3","items":[{"sku":"SKU_038","discount":9.53,"quantity":3,"sale_price":697.47},{"sku":"SKU_067","discount":9.37,"quantity":1,"sale_price":473.78},{"sku":"SKU_045","discount":6.33,"quantity":1,"sale_price":435.44},{"sku":"SKU_019","discount":3.74,"quantity":3,"sale_price":744.78}],"total_amount":4881.05,"total_discount":354.93},{"receipt_id":"receipt_50","date":"2023-12-04","seller_id":"seller_2","customer_id":"customer_3","items":[{"sku":"SKU_007","discount":13,"quantity":1,"sale_price":360.48}],"total_amount":313.62,"total_discount":46.86},{"receipt_id":"receipt_51","date":"2023-12-04","seller_id":"seller_3","customer_id":"customer_3","items":[{"sku":"SKU_084","discount":0.9,"quantity":2,"sale_price":863.73},{"sku":"SKU_004","discount":0.39,"quantity":3,"sale_price":907.71},{"sku":"SKU_002","discount":12.76,"quantity":1,"sale_price":489.82}],"total_amount":4851.74,"total_discount":88.67},{"receipt_id":"receipt_52","date":"2024-01-04","seller_id":"seller_5","customer_id":"customer_3","items":[{"sku":"SKU_063","discount":13.91,"quantity":3,"sale_price":918.39},{"sku":"SKU_006","discount":13.28,"quantity":3,"sale_price":203.77},{"sku":"SKU_034","discount":11.91,"quantity":3,"sale_price":1073.1}],"total_amount":5737.94,"total_discount":847.84},{"receipt_id":"receipt_53","date":"2024-01-04","seller_id":"seller_4","customer_id":"customer_3","items":[{"sku":"SKU_085","discount":1.94,"quantity":3,"sale_price":615.56},{"sku":"SKU_004","discount":4.6,"quantity":2,"sale_price":932.46},{"sku":"SKU_055","discount":3.53,"quantity":2,"sale_price":791.42}],"total_amount":5116.95,"total_discount":177.49},{"receipt_id":"receipt_54","date":"2024-02-04","seller_id":"seller_1","customer_id":"customer_3","items":[{"sku":"SKU_068","discount":12.18,"quantity":3,"sale_price":435.64},{"sku":"SKU_040","discount":0.04,"quantity":2,"sale_price":452.03},{"sku":"SKU_064","discount":6.96,"quantity":1,"sale_price":337.34}],"total_amount":2365.3,"total_discount":183.02},{"receipt_id":"receipt_55","date":"2024-03-04","seller_id":"seller_2","customer_id":"customer_3","items":[{"sku":"SKU_007","discount":10.54,"quantity":3,"sale_price":392.97},{"sku":"SKU_036","discount":3.79,"quantity":2,"sale_price":927.8}],"total_amount":2839.92,"total_discount":194.58},{"receipt_id":"receipt_56","date":"2024-04-03","seller_id":"seller_2","customer_id":"customer_3","items":[{"sku":"SKU_077","discount":13.5,"quantity":3,"sale_price":328.4},{"sku":"SKU_048","discount":4.24,"quantity":2,"sale_price":351.11}],"total_amount":1524.65,"total_discount":162.78},{"receipt_id":"receipt_57","date":"2024-04-03","seller_id":"seller_1","customer_id":"customer_3","items":[{"sku":"SKU_075","discount":6.87,"quantity":1,"sale_price":303.44},{"sku":"SKU_037","discount":7.55,"quantity":1,"sale_price":210.73}],"total_amount":477.41,"total_discount":36.76},{"receipt_id":"receipt_58","date":"2024-04-03","seller_id":"seller_3","customer_id":"customer_3","items":[{"sku":"SKU_006","discount":5,"quantity":3,"sale_price":203.4},{"sku":"SKU_068","discount":0.98,"quantity":3,"sale_price":460.06},{"sku":"SKU_055","discount":3.02,"quantity":3,"sale_price":774.53}],"total_amount":4199.76,"total_discount":114.21},{"receipt_id":"receipt_59","date":"2024-05-03","seller_id":"seller_2","customer_id":"customer_3","items":[{"sku":"SKU_055","discount":1.67,"quantity":1,"sale_price":822.58},{"sku":"SKU_066","discount":10.56,"quantity":3,"sale_price":1152.21},{"sku":"SKU_097","discount":5.14,"quantity":2,"sale_price":698.13}],"total_amount":5224.94,"total_discount":450.52},{"receipt_id":"receipt_60","date":"2024-05-03","seller_id":"seller_1","customer_id":"customer_3","items":[{"sku":"SKU_029","discount":4.42,"quantity":1,"sale_price":224.57},{"sku":"SKU_071","discount":13.52,"quantity":3,"sale_price":428.67},{"sku":"SKU_076","discount":10.39,"quantity":2,"sale_price":724.1},{"sku":"SKU_087","discount":14.47,"quantity":3,"sale_price":927.09}],"total_amount":5003.33,"total_discount":736.71},{"receipt_id":"receipt_61","date":"2024-05-03","seller_id":"seller_2","customer_id":"customer_3","items":[{"sku":"SKU_073","discount":7.84,"quantity":2,"sale_price":1059.97},{"sku":"SKU_044","discount":10.38,"quantity":1,"sale_price":905.97}],"total_amount":2765.67,"total_discount":260.24},{"receipt_id":"receipt_62","date":"2024-06-03","seller_id":"seller_3","customer_id":"customer_3","items":[{"sku":"SKU_039","discount":3.05,"quantity":3,"sale_price":1087.48},{"sku":"SKU_062","discount":1.36,"quantity":1,"sale_price":463.27}],"total_amount":3619.91,"total_discount":105.8},{"receipt_id":"receipt_63","date":"2024-07-03","seller_id":"seller_3","customer_id":"customer_3","items":[{"sku":"SKU_098","discount":6.97,"quantity":1,"sale_price":651.38},{"sku":"SKU_060","discount":11.72,"quantity":1,"sale_price":591.16},{"sku":"SKU_093","discount":3.57,"quantity":1,"sale_price":323.35},{"sku":"SKU_086","discount":11.47,"quantity":2,"sale_price":353.21}],"total_amount":2065.06,"total_discount":207.26},{"receipt_id":"receipt_64","date":"2024-08-03","seller_id":"seller_3","customer_id":"customer_3","items":[{"sku":"SKU_053","discount":5.37,"quantity":3,"sale_price":1012.15},{"sku":"SKU_064","discount":7.73,"quantity":3,"sale_price":340.58}],"total_amount":3816.15,"total_discount":242.04},{"receipt_id":"receipt_65","date":"2024-09-03","seller_id":"seller_3","customer_id":"customer_3","items":[{"sku":"SKU_030","discount":9.03,"quantity":1,"sale_price":1063.03},{"sku":"SKU_098","discount":8.23,"quantity":2,"sale_price":690.36}],"total_amount":2234.13,"total_discount":209.62},{"receipt_id":"receipt_66","date":"2024-10-03","seller_id":"seller_1","customer_id":"customer_3","items":[{"sku":"SKU_010","discount":6.01,"quantity":1,"sale_price":1079.47},{"sku":"SKU_090","discount":7.17,"quantity":1,"sale_price":1023.05},{"sku":"SKU_033","discount":13.84,"quantity":1,"sale_price":735.73}],"total_amount":2598.19,"total_discount":240.05},{"receipt_id":"receipt_67","date":"2024-10-03","seller_id":"seller_3","customer_id":"customer_3","items":[{"sku":"SKU_021","discount":9.5,"quantity":1,"sale_price":668.93}],"total_amount":605.38,"total_discount":63.55},{"receipt_id":"receipt_68","date":"2024-10-03","seller_id":"seller_4","customer_id":"customer_3","items":[{"sku":"SKU_094","discount":1.43,"quantity":3,"sale_price":212.79},{"sku":"SKU_022","discount":12.39,"quantity":2,"sale_price":276.32},{"sku":"SKU_008","discount":6.82,"quantity":2,"sale_price":876.58}],"total_amount":2747,"total_discount":197.17},{"receipt_id":"receipt_69","date":"2024-11-04","seller_id":"seller_2","customer_id":"customer_3","items":[{"sku":"SKU_097","discount":1.12,"quantity":2,"sale_price":674.63},{"sku":"SKU_058","discount":2.69,"quantity":2,"sale_price":1076.04},{"sku":"SKU_024","discount":7.39,"quantity":2,"sale_price":602.45}],"total_amount":4544.2,"total_discount":162.04},{"receipt_id":"receipt_70","date":"2024-11-04","seller_id":"seller_2","customer_id":"customer_3","items":[{"sku":"SKU_095","discount":7.99,"quantity":3,"sale_price":1089.66},{"sku":"SKU_012","discount":3.93,"quantity":1,"sale_price":682.21},{"sku":"SKU_042","discount":2.33,"quantity":1,"sale_price":959.96},{"sku":"SKU_054","discount":13.15,"quantity":2,"sale_price":270.71}],"total_amount":5071,"total_discount":381.57},{"receipt_id":"receipt_71","date":"2024-11-04","seller_id":"seller_5","customer_id":"customer_3","items":[{"sku":"SKU_032","discount":4.2,"quantity":3,"sale_price":839.53}],"total_amount":2412.81,"total_discount":105.78},{"receipt_id":"receipt_72","date":"2023-12-04","seller_id":"seller_3","customer_id":"customer_4","items":[{"sku":"SKU_040","discount":1.91,"quantity":1,"sale_price":457.16},{"sku":"SKU_066","discount":0.99,"quantity":1,"sale_price":1105.41},{"sku":"SKU_066","discount":12.33,"quantity":3,"sale_price":1061.02},{"sku":"SKU_097","discount":6.59,"quantity":2,"sale_price":677.77}],"total_amount":5599.7,"total_discount":501.48},{"receipt_id":"receipt_73","date":"2023-12-04","seller_id":"seller_1","customer_id":"customer_4","items":[{"sku":"SKU_079","discount":5.14,"quantity":3,"sale_price":512.37},{"sku":"SKU_003","discount":9.72,"quantity":1,"sale_price":956.43}],"total_amount":2321.57,"total_discount":171.97},{"receipt_id":"receipt_74","date":"2024-01-04","seller_id":"seller_2","customer_id":"customer_4","items":[{"sku":"SKU_062","discount":5.78,"quantity":3,"sale_price":436.13},{"sku":"SKU_058","discount":14.09,"quantity":1,"sale_price":1041.41}],"total_amount":2127.45,"total_discount":222.36},{"receipt_id":"receipt_75","date":"2024-01-04","seller_id":"seller_1","customer_id":"customer_4","items":[{"sku":"SKU_029","discount":8.84,"quantity":2,"sale_price":237.68},{"sku":"SKU_095","discount":3.58,"quantity":3,"sale_price":1091.54},{"sku":"SKU_023","discount":5.03,"quantity":1,"sale_price":947.47}],"total_amount":4490.54,"total_discount":206.91},{"receipt_id":"receipt_76","date":"2024-02-04","seller_id":"seller_1","customer_id":"customer_4","items":[{"sku":"SKU_049","discount":8.63,"quantity":2,"sale_price":487.53},{"sku":"SKU_069","discount":12.31,"quantity":1,"sale_price":718.07},{"sku":"SKU_025","discount":1.73,"quantity":2,"sale_price":754.6}],"total_amount":3003.68,"total_discount":198.65},{"receipt_id":"receipt_77","date":"2024-03-04","seller_id":"seller_4","customer_id":"customer_4","items":[{"sku":"SKU_013","discount":14.76,"quantity":1,"sale_price":162.12}],"total_amount":138.19,"total_discount":23.93},{"receipt_id":"receipt_78","date":"2024-03-04","seller_id":"seller_1","customer_id":"customer_4","items":[{"sku":"SKU_031","discount":6.51,"quantity":3,"sale_price":296.55}],"total_amount":831.73,"total_discount":57.92},{"receipt_id":"receipt_79","date":"2024-04-03","seller_id":"seller_2","customer_id":"customer_4","items":[{"sku":"SKU_049","discount":0.7,"quantity":2,"sale_price":476.51},{"sku":"SKU_066","discount":1.16,"quantity":2,"sale_price":1092.36},{"sku":"SKU_032","discount":8.3,"quantity":2,"sale_price":889.85},{"sku":"SKU_049","discount":4.95,"quantity":3,"sale_price":460.09},{"sku":"SKU_058","discount":11.18,"quantity":2,"sale_price":1008.8}],"total_amount":7841.69,"total_discount":473.62},{"receipt_id":"receipt_80","date":"2024-04-03","seller_id":"seller_4","customer_id":"customer_4","items":[{"sku":"SKU_083","discount":13.94,"quantity":3,"sale_price":805.04},{"sku":"SKU_035","discount":6.46,"quantity":3,"sale_price":1023.74},{"sku":"SKU_079","discount":8.34,"quantity":3,"sale_price":486.41}],"total_amount":6288.8,"total_discount":656.77},{"receipt_id":"receipt_81","date":"2024-05-03","seller_id":"seller_1","customer_id":"customer_4","items":[{"sku":"SKU_079","discount":1.93,"quantity":3,"sale_price":497.9}],"total_amount":1464.87,"total_discount":28.83},{"receipt_id":"receipt_82","date":"2024-05-03","seller_id":"seller_3","customer_id":"customer_4","items":[{"sku":"SKU_055","discount":7.79,"quantity":2,"sale_price":774.98},{"sku":"SKU_094","discount":7.76,"quantity":1,"sale_price":213.34},{"sku":"SKU_062","discount":5.24,"quantity":3,"sale_price":432.39},{"sku":"SKU_053","discount":6.36,"quantity":2,"sale_price":980.44},{"sku":"SKU_080","discount":1.3,"quantity":1,"sale_price":378.46}],"total_amount":5064.91,"total_discount":334.9},{"receipt_id":"receipt_83","date":"2024-06-03","seller_id":"seller_1","customer_id":"customer_4","items":[{"sku":"SKU_048","discount":2.72,"quantity":1,"sale_price":378.62},{"sku":"SKU_054","discount":11.61,"quantity":3,"sale_price":270.29}],"total_amount":1085.05,"total_discount":104.44},{"receipt_id":"receipt_84","date":"2024-06-03","seller_id":"seller_1","customer_id":"customer_4","items":[{"sku":"SKU_040","discount":2.88,"quantity":3,"sale_price":445.67},{"sku":"SKU_016","discount":4.16,"quantity":2,"sale_price":435.96}],"total_amount":2134.15,"total_discount":74.78},{"receipt_id":"receipt_85","date":"2024-07-03","seller_id":"seller_2","customer_id":"customer_4","items":[{"sku":"SKU_026","discount":2.51,"quantity":3,"sale_price":726.21}],"total_amount":2123.95,"total_discount":54.68},{"receipt_id":"receipt_86","date":"2024-08-03","seller_id":"seller_5","customer_id":"customer_4","items":[{"sku":"SKU_054","discount":3.24,"quantity":1,"sale_price":266.28},{"sku":"SKU_070","discount":1.42,"quantity":1,"sale_price":760.64}],"total_amount":1007.49,"total_discount":19.43},{"receipt_id":"receipt_87","date":"2024-08-03","seller_id":"seller_2","customer_id":"customer_4","items":[{"sku":"SKU_094","discount":14.07,"quantity":2,"sale_price":222.7}],"total_amount":382.73,"total_discount":62.67},{"receipt_id":"receipt_88","date":"2024-09-03","seller_id":"seller_1","customer_id":"customer_4","items":[{"sku":"SKU_020","discount":3.08,"quantity":2,"sale_price":213.12}],"total_amount":413.11,"total_discount":13.13},{"receipt_id":"receipt_89","date":"2024-10-03","seller_id":"seller_4","customer_id":"customer_4","items":[{"sku":"SKU_028","discount":12.46,"quantity":2,"sale_price":1012.53},{"sku":"SKU_080","discount":14.65,"quantity":3,"sale_price":393.23},{"sku":"SKU_056","discount":8.12,"quantity":1,"sale_price":758.73}],"total_amount":3476.73,"total_discount":486.76},{"receipt_id":"receipt_90","date":"2024-11-04","seller_id":"seller_5","customer_id":"customer_4","items":[{"sku":"SKU_083","discount":14.98,"quantity":1,"sale_price":807.04},{"sku":"SKU_053","discount":3.69,"quantity":2,"sale_price":990.47},{"sku":"SKU_094","discount":5.74,"quantity":2,"sale_price":224.38}],"total_amount":3016.99,"total_discount":219.75},{"receipt_id":"receipt_91","date":"2023-12-04","seller_id":"seller_2","customer_id":"customer_5","items":[{"sku":"SKU_054","discount":7.98,"quantity":2,"sale_price":274.07}],"total_amount":504.4,"total_discount":43.74},{"receipt_id":"receipt_92","date":"2023-12-04","seller_id":"seller_2","customer_id":"customer_5","items":[{"sku":"SKU_023","discount":8.47,"quantity":2,"sale_price":936.5},{"sku":"SKU_008","discount":9.73,"quantity":1,"sale_price":869.76},{"sku":"SKU_045","discount":13.71,"quantity":3,"sale_price":442.77},{"sku":"SKU_042","discount":10.66,"quantity":2,"sale_price":1016.79}],"total_amount":5462.49,"total_discount":642.16},{"receipt_id":"receipt_93","date":"2023-12-04","seller_id":"seller_1","customer_id":"customer_5","items":[{"sku":"SKU_059","discount":14.89,"quantity":2,"sale_price":931.69},{"sku":"SKU_010","discount":2.86,"quantity":1,"sale_price":1080.92},{"sku":"SKU_009","discount":2.9,"quantity":1,"sale_price":504.24}],"total_amount":3125.55,"total_discount":322.99},{"receipt_id":"receipt_94","date":"2024-01-04","seller_id":"seller_4","customer_id":"customer_5","items":[{"sku":"SKU_063","discount":9.43,"quantity":2,"sale_price":971}],"total_amount":1758.87,"total_discount":183.13},{"receipt_id":"receipt_95","date":"2024-01-04","seller_id":"seller_3","customer_id":"customer_5","items":[{"sku":"SKU_018","discount":8.15,"quantity":1,"sale_price":917.07},{"sku":"SKU_029","discount":7.43,"quantity":1,"sale_price":226.98}],"total_amount":1052.45,"total_discount":91.61},{"receipt_id":"receipt_96","date":"2024-02-04","seller_id":"seller_3","customer_id":"customer_5","items":[{"sku":"SKU_044","discount":2.73,"quantity":2,"sale_price":918.53},{"sku":"SKU_004","discount":10.69,"quantity":1,"sale_price":925}],"total_amount":2613.03,"total_discount":149.03},{"receipt_id":"receipt_97","date":"2024-02-04","seller_id":"seller_3","customer_id":"customer_5","items":[{"sku":"SKU_054","discount":12.88,"quantity":1,"sale_price":267.42}],"total_amount":232.98,"total_discount":34.44},{"receipt_id":"receipt_98","date":"2024-03-04","seller_id":"seller_3","customer_id":"customer_5","items":[{"sku":"SKU_098","discount":12.87,"quantity":2,"sale_price":688.88},{"sku":"SKU_034","discount":3.4,"quantity":3,"sale_price":1076.31},{"sku":"SKU_041","discount":12.55,"quantity":1,"sale_price":274.28}],"total_amount":4559.45,"total_discount":321.52},{"receipt_id":"receipt_99","date":"2024-03-04","seller_id":"seller_2","customer_id":"customer_5","items":[{"sku":"SKU_031","discount":11.45,"quantity":1,"sale_price":323.96},{"sku":"SKU_094","discount":13.49,"quantity":2,"sale_price":221.63}],"total_amount":670.33,"total_discount":96.89},{"receipt_id":"receipt_100","date":"2024-03-04","seller_id":"seller_4","customer_id":"customer_5","items":[{"sku":"SKU_068","discount":13.37,"quantity":1,"sale_price":454.11},{"sku":"SKU_014","discount":3.81,"quantity":3,"sale_price":492.84},{"sku":"SKU_099","discount":9.62,"quantity":2,"sale_price":367.98}],"total_amount":2480.75,"total_discount":187.85},{"receipt_id":"receipt_101","date":"2024-04-03","seller_id":"seller_4","customer_id":"customer_5","items":[{"sku":"SKU_092","discount":6.06,"quantity":2,"sale_price":609.51},{"sku":"SKU_003","discount":14.66,"quantity":3,"sale_price":912.62},{"sku":"SKU_082","discount":9.98,"quantity":3,"sale_price":960.25}],"total_amount":6074.89,"total_discount":762.74},{"receipt_id":"receipt_102","date":"2024-04-03","seller_id":"seller_3","customer_id":"customer_5","items":[{"sku":"SKU_075","discount":9.29,"quantity":2,"sale_price":289.72},{"sku":"SKU_020","discount":14.11,"quantity":2,"sale_price":218.13},{"sku":"SKU_040","discount":3.39,"quantity":2,"sale_price":425.39},{"sku":"SKU_098","discount":1.22,"quantity":2,"sale_price":663.61}],"total_amount":3033.28,"total_discount":160.42},{"receipt_id":"receipt_103","date":"2024-04-03","seller_id":"seller_1","customer_id":"customer_5","items":[{"sku":"SKU_030","discount":7.4,"quantity":2,"sale_price":1079.96},{"sku":"SKU_020","discount":11.17,"quantity":1,"sale_price":228.6}],"total_amount":2203.16,"total_discount":185.37},{"receipt_id":"receipt_104","date":"2024-05-03","seller_id":"seller_1","customer_id":"customer_5","items":[{"sku":"SKU_011","discount":12.56,"quantity":1,"sale_price":442.95}],"total_amount":387.32,"total_discount":55.63},{"receipt_id":"receipt_105","date":"2024-06-03","seller_id":"seller_1","customer_id":"customer_5","items":[{"sku":"SKU_003","discount":8.7,"quantity":1,"sale_price":966.57},{"sku":"SKU_028","discount":10.39,"quantity":2,"sale_price":1050.24}],"total_amount":2764.72,"total_discount":302.33},{"receipt_id":"receipt_106","date":"2024-06-03","seller_id":"seller_3","customer_id":"customer_5","items":[{"sku":"SKU_022","discount":5.53,"quantity":1,"sale_price":276.03}],"total_amount":260.77,"total_discount":15.26},{"receipt_id":"receipt_107","date":"2024-06-03","seller_id":"seller_5","customer_id":"customer_5","items":[{"sku":"SKU_090","discount":11.49,"quantity":1,"sale_price":991.78},{"sku":"SKU_059","discount":7.71,"quantity":2,"sale_price":896.74},{"sku":"SKU_078","discount":13.14,"quantity":1,"sale_price":223.31}],"total_amount":2726.99,"total_discount":281.58},{"receipt_id":"receipt_108","date":"2024-07-03","seller_id":"seller_5","customer_id":"customer_5","items":[{"sku":"SKU_003","discount":7.73,"quantity":3,"sale_price":919.86},{"sku":"SKU_087","discount":11.47,"quantity":1,"sale_price":959.23}],"total_amount":3395.47,"total_discount":323.34},{"receipt_id":"receipt_109","date":"2024-07-03","seller_id":"seller_2","customer_id":"customer_5","items":[{"sku":"SKU_049","discount":2.18,"quantity":2,"sale_price":453.75},{"sku":"SKU_016","discount":7.19,"quantity":1,"sale_price":452.15},{"sku":"SKU_052","discount":11.82,"quantity":1,"sale_price":758}],"total_amount":1975.76,"total_discount":141.89},{"receipt_id":"receipt_110","date":"2024-07-03","seller_id":"seller_2","customer_id":"customer_5","items":[{"sku":"SKU_072","discount":3.88,"quantity":3,"sale_price":415.77},{"sku":"SKU_098","discount":4.49,"quantity":1,"sale_price":692.81},{"sku":"SKU_082","discount":3.16,"quantity":3,"sale_price":947.84},{"sku":"SKU_016","discount":15,"quantity":3,"sale_price":431.52}],"total_amount":5714.65,"total_discount":363.54},{"receipt_id":"receipt_111","date":"2024-08-03","seller_id":"seller_4","customer_id":"customer_5","items":[{"sku":"SKU_063","discount":0.56,"quantity":1,"sale_price":960.8},{"sku":"SKU_060","discount":8,"quantity":2,"sale_price":578.53},{"sku":"SKU_028","discount":2.68,"quantity":1,"sale_price":999.4}],"total_amount":2992.54,"total_discount":124.73},{"receipt_id":"receipt_112","date":"2024-09-03","seller_id":"seller_2","customer_id":"customer_5","items":[{"sku":"SKU_081","discount":10.75,"quantity":1,"sale_price":325.07},{"sku":"SKU_014","discount":5.5,"quantity":2,"sale_price":485.76},{"sku":"SKU_015","discount":4.38,"quantity":3,"sale_price":429.39},{"sku":"SKU_047","discount":10.9,"quantity":2,"sale_price":595.7}],"total_amount":3501.5,"total_discount":274.66},{"receipt_id":"receipt_113","date":"2024-09-03","seller_id":"seller_1","customer_id":"customer_5","items":[{"sku":"SKU_029","discount":8.32,"quantity":2,"sale_price":220.17},{"sku":"SKU_052","discount":3.93,"quantity":1,"sale_price":787.14}],"total_amount":1159.91,"total_discount":67.57},{"receipt_id":"receipt_114","date":"2024-09-03","seller_id":"seller_2","customer_id":"customer_5","items":[{"sku":"SKU_059","discount":12.79,"quantity":1,"sale_price":940.23},{"sku":"SKU_072","discount":13.52,"quantity":3,"sale_price":417.03},{"sku":"SKU_025","discount":8.53,"quantity":3,"sale_price":797.08},{"sku":"SKU_025","discount":8.79,"quantity":2,"sale_price":742.4},{"sku":"SKU_082","discount":4.89,"quantity":3,"sale_price":932.11}],"total_amount":8103.06,"total_discount":760.63},{"receipt_id":"receipt_115","date":"2024-10-03","seller_id":"seller_5","customer_id":"customer_5","items":[{"sku":"SKU_014","discount":8.61,"quantity":1,"sale_price":510.38},{"sku":"SKU_056","discount":11.69,"quantity":3,"sale_price":747.91},{"sku":"SKU_012","discount":6.35,"quantity":3,"sale_price":630.92},{"sku":"SKU_012","discount":10.7,"quantity":2,"sale_price":659.5}],"total_amount":5398.32,"total_discount":567.56},{"receipt_id":"receipt_116","date":"2024-11-04","seller_id":"seller_1","customer_id":"customer_5","items":[{"sku":"SKU_073","discount":12.85,"quantity":1,"sale_price":992.58},{"sku":"SKU_045","discount":5.96,"quantity":1,"sale_price":436.35},{"sku":"SKU_032","discount":6.02,"quantity":1,"sale_price":914.18},{"sku":"SKU_035","discount":4.49,"quantity":1,"sale_price":1037.3}],"total_amount":3125.25,"total_discount":255.16},{"receipt_id":"receipt_117","date":"2023-12-04","seller_id":"seller_2","customer_id":"customer_6","items":[{"sku":"SKU_016","discount":2.84,"quantity":3,"sale_price":419.84},{"sku":"SKU_078","discount":12.77,"quantity":3,"sale_price":233.07},{"sku":"SKU_034","discount":4.88,"quantity":1,"sale_price":1049.07}],"total_amount":2831.55,"total_discount":176.25},{"receipt_id":"receipt_118","date":"2024-01-04","seller_id":"seller_4","customer_id":"customer_6","items":[{"sku":"SKU_004","discount":7.91,"quantity":2,"sale_price":914.13}],"total_amount":1683.64,"total_discount":144.62},{"receipt_id":"receipt_119","date":"2024-01-04","seller_id":"seller_5","customer_id":"customer_6","items":[{"sku":"SKU_068","discount":3.63,"quantity":2,"sale_price":437.34}],"total_amount":842.93,"total_discount":31.75},{"receipt_id":"receipt_120","date":"2024-02-04","seller_id":"seller_5","customer_id":"customer_6","items":[{"sku":"SKU_071","discount":9.39,"quantity":2,"sale_price":454.14},{"sku":"SKU_021","discount":8.67,"quantity":1,"sale_price":682.87}],"total_amount":1446.66,"total_discount":144.49},{"receipt_id":"receipt_121","date":"2024-02-04","seller_id":"seller_4","customer_id":"customer_6","items":[{"sku":"SKU_023","discount":6.32,"quantity":2,"sale_price":950.45},{"sku":"SKU_008","discount":6.04,"quantity":3,"sale_price":817.13}],"total_amount":4084.09,"total_discount":268.2},{"receipt_id":"receipt_122","date":"2024-03-04","seller_id":"seller_5","customer_id":"customer_6","items":[{"sku":"SKU_018","discount":13.23,"quantity":3,"sale_price":891.22},{"sku":"SKU_058","discount":14.33,"quantity":2,"sale_price":1015.45}],"total_amount":4059.8,"total_discount":644.75},{"receipt_id":"receipt_123","date":"2024-03-04","seller_id":"seller_2","customer_id":"customer_6","items":[{"sku":"SKU_023","discount":11.86,"quantity":3,"sale_price":982.42},{"sku":"SKU_096","discount":8.83,"quantity":1,"sale_price":1054.88},{"sku":"SKU_010","discount":9.22,"quantity":1,"sale_price":998.66},{"sku":"SKU_061","discount":12.94,"quantity":3,"sale_price":757.89}],"total_amount":6445.48,"total_discount":828.98},{"receipt_id":"receipt_124","date":"2024-04-03","seller_id":"seller_3","customer_id":"customer_6","items":[{"sku":"SKU_041","discount":3.07,"quantity":2,"sale_price":272.89},{"sku":"SKU_001","discount":13.29,"quantity":3,"sale_price":709.43},{"sku":"SKU_044","discount":2.38,"quantity":3,"sale_price":944.63}],"total_amount":5140.9,"total_discount":367.05},{"receipt_id":"receipt_125","date":"2024-04-03","seller_id":"seller_2","customer_id":"customer_6","items":[{"sku":"SKU_059","discount":9.97,"quantity":2,"sale_price":924.26},{"sku":"SKU_054","discount":0.74,"quantity":2,"sale_price":270.24}],"total_amount":2200.7,"total_discount":188.3},{"receipt_id":"receipt_126","date":"2024-05-03","seller_id":"seller_1","customer_id":"customer_6","items":[{"sku":"SKU_019","discount":8.04,"quantity":1,"sale_price":743.5},{"sku":"SKU_062","discount":12.79,"quantity":2,"sale_price":437.17},{"sku":"SKU_073","discount":0.56,"quantity":3,"sale_price":1091.32},{"sku":"SKU_072","discount":12.96,"quantity":1,"sale_price":404.68}],"total_amount":5054.09,"total_discount":242.39},{"receipt_id":"receipt_127","date":"2024-05-03","seller_id":"seller_1","customer_id":"customer_6","items":[{"sku":"SKU_067","discount":4.63,"quantity":2,"sale_price":515.28},{"sku":"SKU_053","discount":0.66,"quantity":2,"sale_price":1059.77},{"sku":"SKU_018","discount":14.84,"quantity":3,"sale_price":870.59},{"sku":"SKU_023","discount":5.07,"quantity":3,"sale_price":903.53}],"total_amount":7885.74,"total_discount":586.72},{"receipt_id":"receipt_128","date":"2024-06-03","seller_id":"seller_5","customer_id":"customer_6","items":[{"sku":"SKU_073","discount":5.67,"quantity":2,"sale_price":1002.42},{"sku":"SKU_091","discount":14.27,"quantity":2,"sale_price":539.28},{"sku":"SKU_009","discount":6.68,"quantity":3,"sale_price":485.32}],"total_amount":4174.52,"total_discount":364.84},{"receipt_id":"receipt_129","date":"2024-06-03","seller_id":"seller_4","customer_id":"customer_6","items":[{"sku":"SKU_090","discount":7.92,"quantity":1,"sale_price":1066.45}],"total_amount":981.99,"total_discount":84.46},{"receipt_id":"receipt_130","date":"2024-07-03","seller_id":"seller_5","customer_id":"customer_6","items":[{"sku":"SKU_084","discount":7.69,"quantity":2,"sale_price":885.49},{"sku":"SKU_048","discount":2.1,"quantity":1,"sale_price":370.63},{"sku":"SKU_060","discount":7.65,"quantity":1,"sale_price":577.7},{"sku":"SKU_098","discount":0.81,"quantity":2,"sale_price":683.39}],"total_amount":3886.86,"total_discount":199.24},{"receipt_id":"receipt_131","date":"2024-07-03","seller_id":"seller_5","customer_id":"customer_6","items":[{"sku":"SKU_031","discount":14.1,"quantity":3,"sale_price":315.49},{"sku":"SKU_039","discount":10.34,"quantity":3,"sale_price":1154.91},{"sku":"SKU_061","discount":5.46,"quantity":2,"sale_price":761.02},{"sku":"SKU_011","discount":6.04,"quantity":3,"sale_price":419.87},{"sku":"SKU_094","discount":10.91,"quantity":3,"sale_price":213.66}],"total_amount":7113.02,"total_discount":720.82},{"receipt_id":"receipt_132","date":"2024-08-03","seller_id":"seller_3","customer_id":"customer_6","items":[{"sku":"SKU_091","discount":2.43,"quantity":3,"sale_price":496.84},{"sku":"SKU_089","discount":9.88,"quantity":3,"sale_price":942.51}],"total_amount":4002.47,"total_discount":315.58},{"receipt_id":"receipt_133","date":"2024-09-03","seller_id":"seller_2","customer_id":"customer_6","items":[{"sku":"SKU_049","discount":10.54,"quantity":1,"sale_price":481.69},{"sku":"SKU_069","discount":6.37,"quantity":1,"sale_price":695.98}],"total_amount":1082.57,"total_discount":95.1},{"receipt_id":"receipt_134","date":"2024-09-03","seller_id":"seller_2","customer_id":"customer_6","items":[{"sku":"SKU_030","discount":3.72,"quantity":3,"sale_price":1088.42},{"sku":"SKU_033","discount":4.4,"quantity":1,"sale_price":683.27},{"sku":"SKU_098","discount":0.37,"quantity":3,"sale_price":661.8}],"total_amount":5775.05,"total_discount":158.88},{"receipt_id":"receipt_135","date":"2024-10-03","seller_id":"seller_3","customer_id":"customer_6","items":[{"sku":"SKU_017","discount":4.43,"quantity":2,"sale_price":797.1},{"sku":"SKU_041","discount":1.47,"quantity":2,"sale_price":284.6},{"sku":"SKU_079","discount":0.26,"quantity":3,"sale_price":522.32}],"total_amount":3647.3,"total_discount":83.06},{"receipt_id":"receipt_136","date":"2024-10-03","seller_id":"seller_1","customer_id":"customer_6","items":[{"sku":"SKU_072","discount":4.23,"quantity":2,"sale_price":396.85},{"sku":"SKU_067","discount":10.34,"quantity":3,"sale_price":503.05},{"sku":"SKU_084","discount":2.67,"quantity":3,"sale_price":833.52},{"sku":"SKU_072","discount":5.53,"quantity":3,"sale_price":412.8}],"total_amount":5716.95,"total_discount":324.87},{"receipt_id":"receipt_137","date":"2024-10-03","seller_id":"seller_4","customer_id":"customer_6","items":[{"sku":"SKU_045","discount":14.06,"quantity":2,"sale_price":412.31},{"sku":"SKU_016","discount":2.57,"quantity":3,"sale_price":428.59},{"sku":"SKU_068","discount":1.73,"quantity":2,"sale_price":431.61},{"sku":"SKU_089","discount":13.17,"quantity":2,"sale_price":949.94}],"total_amount":4459.37,"total_discount":414.13},{"receipt_id":"receipt_138","date":"2024-11-04","seller_id":"seller_1","customer_id":"customer_6","items":[{"sku":"SKU_019","discount":11.48,"quantity":3,"sale_price":796.36},{"sku":"SKU_074","discount":7.81,"quantity":2,"sale_price":935.78}],"total_amount":3840.2,"total_discount":420.44},{"receipt_id":"receipt_139","date":"2024-11-04","seller_id":"seller_1","customer_id":"customer_6","items":[{"sku":"SKU_024","discount":10.94,"quantity":3,"sale_price":628.84},{"sku":"SKU_037","discount":3.71,"quantity":2,"sale_price":194.19}],"total_amount":2054.1,"total_discount":220.79},{"receipt_id":"receipt_140","date":"2024-11-04","seller_id":"seller_3","customer_id":"customer_6","items":[{"sku":"SKU_090","discount":1.08,"quantity":3,"sale_price":996.49},{"sku":"SKU_098","discount":6.27,"quantity":3,"sale_price":678.35},{"sku":"SKU_096","discount":1.61,"quantity":3,"sale_price":1042.61}],"total_amount":7942.1,"total_discount":210.24},{"receipt_id":"receipt_141","date":"2023-12-04","seller_id":"seller_4","customer_id":"customer_7","items":[{"sku":"SKU_046","discount":5.88,"quantity":1,"sale_price":862.69}],"total_amount":811.96,"total_discount":50.73},{"receipt_id":"receipt_142","date":"2023-12-04","seller_id":"seller_1","customer_id":"customer_7","items":[{"sku":"SKU_066","discount":6.89,"quantity":1,"sale_price":1115.31},{"sku":"SKU_066","discount":1.24,"quantity":1,"sale_price":1114.43}],"total_amount":2139.08,"total_discount":90.66},{"receipt_id":"receipt_143","date":"2024-01-04","seller_id":"seller_5","customer_id":"customer_7","items":[{"sku":"SKU_015","discount":12.27,"quantity":1,"sale_price":434.74},{"sku":"SKU_049","discount":3.18,"quantity":1,"sale_price":459.24},{"sku":"SKU_020","discount":12.79,"quantity":3,"sale_price":218.4}],"total_amount":1397.44,"total_discount":151.75},{"receipt_id":"receipt_144","date":"2024-02-04","seller_id":"seller_4","customer_id":"customer_7","items":[{"sku":"SKU_012","discount":5.98,"quantity":2,"sale_price":641.98},{"sku":"SKU_036","discount":1.91,"quantity":2,"sale_price":947.36},{"sku":"SKU_026","discount":8.25,"quantity":1,"sale_price":695.43}],"total_amount":3703.77,"total_discount":170.34},{"receipt_id":"receipt_145","date":"2024-03-04","seller_id":"seller_5","customer_id":"customer_7","items":[{"sku":"SKU_013","discount":10.23,"quantity":2,"sale_price":170.95},{"sku":"SKU_014","discount":2.41,"quantity":2,"sale_price":467.96},{"sku":"SKU_004","discount":4.21,"quantity":2,"sale_price":881.41},{"sku":"SKU_082","discount":0.29,"quantity":1,"sale_price":958.49},{"sku":"SKU_031","discount":8.59,"quantity":1,"sale_price":301.07}],"total_amount":4139.81,"total_discount":160.39},{"receipt_id":"receipt_146","date":"2024-03-04","seller_id":"seller_4","customer_id":"customer_7","items":[{"sku":"SKU_090","discount":1.66,"quantity":3,"sale_price":1045.7},{"sku":"SKU_082","discount":13.16,"quantity":3,"sale_price":907.41},{"sku":"SKU_027","discount":13.52,"quantity":3,"sale_price":918.21}],"total_amount":7831.2,"total_discount":782.75},{"receipt_id":"receipt_147","date":"2024-04-03","seller_id":"seller_4","customer_id":"customer_7","items":[{"sku":"SKU_035","discount":9.54,"quantity":1,"sale_price":1070.59},{"sku":"SKU_016","discount":3.58,"quantity":1,"sale_price":439.42},{"sku":"SKU_077","discount":7.05,"quantity":3,"sale_price":357.87},{"sku":"SKU_007","discount":12.44,"quantity":3,"sale_price":374.93}],"total_amount":3374.94,"total_discount":333.48},{"receipt_id":"receipt_148","date":"2024-04-03","seller_id":"seller_5","customer_id":"customer_7","items":[{"sku":"SKU_085","discount":14.48,"quantity":3,"sale_price":663.34},{"sku":"SKU_031","discount":10.21,"quantity":3,"sale_price":324.56}],"total_amount":2576.14,"total_discount":387.57},{"receipt_id":"receipt_149","date":"2024-05-03","seller_id":"seller_3","customer_id":"customer_7","items":[{"sku":"SKU_092","discount":8.15,"quantity":1,"sale_price":611.87},{"sku":"SKU_074","discount":9.32,"quantity":3,"sale_price":929.97},{"sku":"SKU_093","discount":2.83,"quantity":3,"sale_price":311.97},{"sku":"SKU_031","discount":7.65,"quantity":2,"sale_price":314.77}],"total_amount":4582.69,"total_discount":384.53},{"receipt_id":"receipt_150","date":"2024-06-03","seller_id":"seller_4","customer_id":"customer_7","items":[{"sku":"SKU_031","discount":11.76,"quantity":1,"sale_price":324.58},{"sku":"SKU_087","discount":2.12,"quantity":3,"sale_price":954.33},{"sku":"SKU_074","discount":6.25,"quantity":3,"sale_price":903.66}],"total_amount":5630.24,"total_discount":268.3},{"receipt_id":"receipt_151","date":"2024-07-03","seller_id":"seller_2","customer_id":"customer_7","items":[{"sku":"SKU_024","discount":4.44,"quantity":3,"sale_price":621.67},{"sku":"SKU_059","discount":13.44,"quantity":1,"sale_price":930.74}],"total_amount":2587.85,"total_discount":207.9},{"receipt_id":"receipt_152","date":"2024-08-03","seller_id":"seller_2","customer_id":"customer_7","items":[{"sku":"SKU_021","discount":1.12,"quantity":1,"sale_price":684.89},{"sku":"SKU_071","discount":0.38,"quantity":2,"sale_price":425.75},{"sku":"SKU_035","discount":3.31,"quantity":2,"sale_price":1057.25}],"total_amount":3569.99,"total_discount":80.9},{"receipt_id":"receipt_153","date":"2024-08-03","seller_id":"seller_4","customer_id":"customer_7","items":[{"sku":"SKU_019","discount":0.22,"quantity":3,"sale_price":746.69},{"sku":"SKU_011","discount":1.06,"quantity":1,"sale_price":426.57}],"total_amount":2657.19,"total_discount":9.45},{"receipt_id":"receipt_154","date":"2024-08-03","seller_id":"seller_4","customer_id":"customer_7","items":[{"sku":"SKU_076","discount":0.79,"quantity":2,"sale_price":738.23},{"sku":"SKU_039","discount":3.51,"quantity":3,"sale_price":1147.86}],"total_amount":4787.51,"total_discount":132.53},{"receipt_id":"receipt_155","date":"2024-09-03","seller_id":"seller_1","customer_id":"customer_7","items":[{"sku":"SKU_064","discount":4.59,"quantity":2,"sale_price":346.4},{"sku":"SKU_077","discount":10.72,"quantity":3,"sale_price":360.43}],"total_amount":1626.38,"total_discount":147.71},{"receipt_id":"receipt_156","date":"2024-10-03","seller_id":"seller_5","customer_id":"customer_7","items":[{"sku":"SKU_032","discount":12.07,"quantity":1,"sale_price":911.49},{"sku":"SKU_033","discount":10.74,"quantity":3,"sale_price":670.86},{"sku":"SKU_009","discount":8.14,"quantity":2,"sale_price":509.66},{"sku":"SKU_073","discount":9.38,"quantity":1,"sale_price":1011.18},{"sku":"SKU_029","discount":3.62,"quantity":3,"sale_price":237.42}],"total_amount":5137.06,"total_discount":529.77},{"receipt_id":"receipt_157","date":"2024-10-03","seller_id":"seller_2","customer_id":"customer_7","items":[{"sku":"SKU_096","discount":9.67,"quantity":1,"sale_price":1021.3},{"sku":"SKU_070","discount":12.3,"quantity":2,"sale_price":735.71}],"total_amount":2212.98,"total_discount":279.74},{"receipt_id":"receipt_158","date":"2024-11-04","seller_id":"seller_5","customer_id":"customer_7","items":[{"sku":"SKU_091","discount":12.22,"quantity":2,"sale_price":496.39},{"sku":"SKU_045","discount":4.64,"quantity":1,"sale_price":420.53},{"sku":"SKU_008","discount":5.22,"quantity":3,"sale_price":863.55}],"total_amount":3727.9,"total_discount":276.06},{"receipt_id":"receipt_159","date":"2024-11-04","seller_id":"seller_3","customer_id":"customer_7","items":[{"sku":"SKU_069","discount":6.81,"quantity":3,"sale_price":709.8},{"sku":"SKU_032","discount":2.53,"quantity":1,"sale_price":862.35},{"sku":"SKU_045","discount":4.78,"quantity":1,"sale_price":440.77},{"sku":"SKU_038","discount":2.94,"quantity":2,"sale_price":719.72}],"total_amount":4641.74,"total_discount":230.22},{"receipt_id":"receipt_160","date":"2024-11-04","seller_id":"seller_4","customer_id":"customer_7","items":[{"sku":"SKU_014","discount":2.93,"quantity":2,"sale_price":502.8},{"sku":"SKU_095","discount":10.44,"quantity":2,"sale_price":1117.14}],"total_amount":2977.16,"total_discount":262.72},{"receipt_id":"receipt_161","date":"2023-12-04","seller_id":"seller_2","customer_id":"customer_8","items":[{"sku":"SKU_022","discount":8,"quantity":2,"sale_price":265.96},{"sku":"SKU_039","discount":6.42,"quantity":3,"sale_price":1191.3}],"total_amount":3833.83,"total_discount":272},{"receipt_id":"receipt_162","date":"2024-01-04","seller_id":"seller_3","customer_id":"customer_8","items":[{"sku":"SKU_047","discount":1.21,"quantity":2,"sale_price":566.99},{"sku":"SKU_042","discount":3.31,"quantity":2,"sale_price":995.34},{"sku":"SKU_004","discount":10.51,"quantity":3,"sale_price":936.58}],"total_amount":5559.49,"total_discount":374.92},{"receipt_id":"receipt_163","date":"2024-02-04","seller_id":"seller_1","customer_id":"customer_8","items":[{"sku":"SKU_084","discount":12.02,"quantity":2,"sale_price":841.58},{"sku":"SKU_078","discount":9.38,"quantity":2,"sale_price":217.77}],"total_amount":1875.53,"total_discount":243.17},{"receipt_id":"receipt_164","date":"2024-02-04","seller_id":"seller_2","customer_id":"customer_8","items":[{"sku":"SKU_032","discount":10.91,"quantity":2,"sale_price":895.48},{"sku":"SKU_002","discount":4.15,"quantity":3,"sale_price":462.28},{"sku":"SKU_064","discount":9.12,"quantity":2,"sale_price":323.54},{"sku":"SKU_057","discount":9.75,"quantity":1,"sale_price":664.88}],"total_amount":4112.98,"total_discount":376.79},{"receipt_id":"receipt_165","date":"2024-03-04","seller_id":"seller_1","customer_id":"customer_8","items":[{"sku":"SKU_026","discount":12.54,"quantity":1,"sale_price":691.98},{"sku":"SKU_017","discount":0.07,"quantity":1,"sale_price":786.34},{"sku":"SKU_008","discount":9.01,"quantity":3,"sale_price":857.78},{"sku":"SKU_087","discount":0.82,"quantity":1,"sale_price":954.72}],"total_amount":4679.37,"total_discount":327.01},{"receipt_id":"receipt_166","date":"2024-03-04","seller_id":"seller_1","customer_id":"customer_8","items":[{"sku":"SKU_072","discount":4.92,"quantity":2,"sale_price":406.5},{"sku":"SKU_042","discount":4.86,"quantity":2,"sale_price":964.67}],"total_amount":2608.57,"total_discount":133.77},{"receipt_id":"receipt_167","date":"2024-04-03","seller_id":"seller_2","customer_id":"customer_8","items":[{"sku":"SKU_013","discount":0.3,"quantity":2,"sale_price":172.71},{"sku":"SKU_090","discount":13.89,"quantity":3,"sale_price":1064.3},{"sku":"SKU_036","discount":7.75,"quantity":1,"sale_price":924.38},{"sku":"SKU_021","discount":11.32,"quantity":2,"sale_price":712.24}],"total_amount":5209.76,"total_discount":677.42},{"receipt_id":"receipt_168","date":"2024-04-03","seller_id":"seller_1","customer_id":"customer_8","items":[{"sku":"SKU_083","discount":10.63,"quantity":2,"sale_price":797.57},{"sku":"SKU_068","discount":0.1,"quantity":1,"sale_price":447.87}],"total_amount":1873,"total_discount":170.01},{"receipt_id":"receipt_169","date":"2024-05-03","seller_id":"seller_4","customer_id":"customer_8","items":[{"sku":"SKU_045","discount":5.59,"quantity":1,"sale_price":417.6},{"sku":"SKU_083","discount":5.18,"quantity":1,"sale_price":801.44}],"total_amount":1154.19,"total_discount":64.86},{"receipt_id":"receipt_170","date":"2024-06-03","seller_id":"seller_4","customer_id":"customer_8","items":[{"sku":"SKU_078","discount":10.56,"quantity":3,"sale_price":230.86},{"sku":"SKU_024","discount":3.42,"quantity":2,"sale_price":618.17},{"sku":"SKU_018","discount":10.32,"quantity":1,"sale_price":930.57},{"sku":"SKU_056","discount":4.63,"quantity":3,"sale_price":740.19}],"total_amount":4765.8,"total_discount":314.27},{"receipt_id":"receipt_171","date":"2024-06-03","seller_id":"seller_5","customer_id":"customer_8","items":[{"sku":"SKU_031","discount":14.65,"quantity":1,"sale_price":297.16}],"total_amount":253.63,"total_discount":43.53},{"receipt_id":"receipt_172","date":"2024-07-03","seller_id":"seller_1","customer_id":"customer_8","items":[{"sku":"SKU_014","discount":8.64,"quantity":1,"sale_price":472.01}],"total_amount":431.23,"total_discount":40.78},{"receipt_id":"receipt_173","date":"2024-08-03","seller_id":"seller_4","customer_id":"customer_8","items":[{"sku":"SKU_077","discount":4.1,"quantity":2,"sale_price":333.41},{"sku":"SKU_093","discount":8.14,"quantity":1,"sale_price":324.86}],"total_amount":937.9,"total_discount":53.78},{"receipt_id":"receipt_174","date":"2024-09-03","seller_id":"seller_1","customer_id":"customer_8","items":[{"sku":"SKU_059","discount":9.4,"quantity":1,"sale_price":873.76},{"sku":"SKU_008","discount":5.05,"quantity":3,"sale_price":812.76}],"total_amount":3106.78,"total_discount":205.27},{"receipt_id":"receipt_175","date":"2024-10-03","seller_id":"seller_4","customer_id":"customer_8","items":[{"sku":"SKU_005","discount":5.79,"quantity":2,"sale_price":771.41},{"sku":"SKU_054","discount":10.01,"quantity":2,"sale_price":291.09},{"sku":"SKU_083","discount":6.5,"quantity":3,"sale_price":804.6},{"sku":"SKU_057","discount":7.91,"quantity":2,"sale_price":660.76}],"total_amount":5451.28,"total_discount":409.03},{"receipt_id":"receipt_176","date":"2024-10-03","seller_id":"seller_5","customer_id":"customer_8","items":[{"sku":"SKU_081","discount":5.94,"quantity":2,"sale_price":329.14},{"sku":"SKU_005","discount":12.89,"quantity":1,"sale_price":795.48}],"total_amount":1312.12,"total_discount":141.64},{"receipt_id":"receipt_177","date":"2024-11-04","seller_id":"seller_4","customer_id":"customer_8","items":[{"sku":"SKU_014","discount":13.17,"quantity":3,"sale_price":474.54},{"sku":"SKU_083","discount":1.92,"quantity":3,"sale_price":779.17},{"sku":"SKU_001","discount":1.28,"quantity":3,"sale_price":741.28}],"total_amount":5724.13,"total_discount":260.84},{"receipt_id":"receipt_178","date":"2024-11-04","seller_id":"seller_5","customer_id":"customer_8","items":[{"sku":"SKU_037","discount":13.41,"quantity":3,"sale_price":209.74}],"total_amount":544.84,"total_discount":84.38},{"receipt_id":"receipt_179","date":"2023-12-04","seller_id":"seller_3","customer_id":"customer_9","items":[{"sku":"SKU_056","discount":7.31,"quantity":1,"sale_price":786.79},{"sku":"SKU_043","discount":5.63,"quantity":1,"sale_price":524.53},{"sku":"SKU_074","discount":12.86,"quantity":1,"sale_price":937.73}],"total_amount":2041.42,"total_discount":207.64},{"receipt_id":"receipt_180","date":"2023-12-04","seller_id":"seller_5","customer_id":"customer_9","items":[{"sku":"SKU_014","discount":5.36,"quantity":1,"sale_price":474.86},{"sku":"SKU_040","discount":1.28,"quantity":3,"sale_price":448.87}],"total_amount":1778.78,"total_discount":42.69},{"receipt_id":"receipt_181","date":"2024-01-04","seller_id":"seller_2","customer_id":"customer_9","items":[{"sku":"SKU_046","discount":5.41,"quantity":3,"sale_price":916.03}],"total_amount":2599.42,"total_discount":148.67},{"receipt_id":"receipt_182","date":"2024-01-04","seller_id":"seller_1","customer_id":"customer_9","items":[{"sku":"SKU_048","discount":8.49,"quantity":2,"sale_price":352.3}],"total_amount":644.78,"total_discount":59.82},{"receipt_id":"receipt_183","date":"2024-01-04","seller_id":"seller_3","customer_id":"customer_9","items":[{"sku":"SKU_092","discount":11.13,"quantity":3,"sale_price":622.24},{"sku":"SKU_073","discount":10.7,"quantity":2,"sale_price":1013.22}],"total_amount":3468.56,"total_discount":424.6},{"receipt_id":"receipt_184","date":"2024-02-04","seller_id":"seller_5","customer_id":"customer_9","items":[{"sku":"SKU_025","discount":14.79,"quantity":3,"sale_price":752.63},{"sku":"SKU_062","discount":0.24,"quantity":2,"sale_price":462.91},{"sku":"SKU_049","discount":3.47,"quantity":2,"sale_price":481.96}],"total_amount":3778.02,"total_discount":369.61},{"receipt_id":"receipt_185","date":"2024-02-04","seller_id":"seller_5","customer_id":"customer_9","items":[{"sku":"SKU_044","discount":6.47,"quantity":1,"sale_price":955.26},{"sku":"SKU_053","discount":0.8,"quantity":1,"sale_price":1035.26},{"sku":"SKU_010","discount":14.56,"quantity":2,"sale_price":1060.72},{"sku":"SKU_021","discount":2.54,"quantity":1,"sale_price":684.77},{"sku":"SKU_001","discount":9.57,"quantity":1,"sale_price":694.25}],"total_amount":5028.18,"total_discount":462.8},{"receipt_id":"receipt_186","date":"2024-02-04","seller_id":"seller_1","customer_id":"customer_9","items":[{"sku":"SKU_098","discount":14.25,"quantity":1,"sale_price":683.11},{"sku":"SKU_079","discount":4.58,"quantity":1,"sale_price":494.17},{"sku":"SKU_073","discount":11.77,"quantity":3,"sale_price":1078.61}],"total_amount":3912.28,"total_discount":500.83},{"receipt_id":"receipt_187","date":"2024-03-04","seller_id":"seller_4","customer_id":"customer_9","items":[{"sku":"SKU_040","discount":2.51,"quantity":2,"sale_price":447.22},{"sku":"SKU_065","discount":12.34,"quantity":2,"sale_price":1036.62},{"sku":"SKU_027","discount":3.53,"quantity":2,"sale_price":914.28},{"sku":"SKU_070","discount":0.97,"quantity":2,"sale_price":780.92}],"total_amount":6000.09,"total_discount":357.99},{"receipt_id":"receipt_188","date":"2024-03-04","seller_id":"seller_3","customer_id":"customer_9","items":[{"sku":"SKU_006","discount":14.5,"quantity":1,"sale_price":205.41},{"sku":"SKU_075","discount":13.37,"quantity":1,"sale_price":305.1},{"sku":"SKU_059","discount":9.71,"quantity":1,"sale_price":929.8}],"total_amount":1279.46,"total_discount":160.86},{"receipt_id":"receipt_189","date":"2024-04-03","seller_id":"seller_2","customer_id":"customer_9","items":[{"sku":"SKU_075","discount":13.63,"quantity":1,"sale_price":289.94},{"sku":"SKU_088","discount":8.58,"quantity":1,"sale_price":486.04},{"sku":"SKU_095","discount":4.7,"quantity":1,"sale_price":1106.4},{"sku":"SKU_092","discount":5.3,"quantity":3,"sale_price":643.01}],"total_amount":3575.95,"total_discount":235.46},{"receipt_id":"receipt_190","date":"2024-05-03","seller_id":"seller_3","customer_id":"customer_9","items":[{"sku":"SKU_049","discount":5.63,"quantity":3,"sale_price":487.3},{"sku":"SKU_044","discount":3.03,"quantity":2,"sale_price":951.76},{"sku":"SKU_077","discount":7.45,"quantity":1,"sale_price":343.07}],"total_amount":3542.95,"total_discount":165.54},{"receipt_id":"receipt_191","date":"2024-05-03","seller_id":"seller_2","customer_id":"customer_9","items":[{"sku":"SKU_023","discount":11.83,"quantity":2,"sale_price":974.81},{"sku":"SKU_009","discount":1.9,"quantity":3,"sale_price":509.93},{"sku":"SKU_078","discount":10.81,"quantity":3,"sale_price":227}],"total_amount":3827.08,"total_discount":333.32},{"receipt_id":"receipt_192","date":"2024-06-03","seller_id":"seller_5","customer_id":"customer_9","items":[{"sku":"SKU_002","discount":3.73,"quantity":1,"sale_price":463.71}],"total_amount":446.41,"total_discount":17.3},{"receipt_id":"receipt_193","date":"2024-07-03","seller_id":"seller_4","customer_id":"customer_9","items":[{"sku":"SKU_032","discount":3.12,"quantity":3,"sale_price":876.66}],"total_amount":2547.92,"total_discount":82.06},{"receipt_id":"receipt_194","date":"2024-07-03","seller_id":"seller_3","customer_id":"customer_9","items":[{"sku":"SKU_029","discount":8.47,"quantity":1,"sale_price":226.77},{"sku":"SKU_015","discount":3.88,"quantity":2,"sale_price":445.95},{"sku":"SKU_052","discount":1.23,"quantity":2,"sale_price":826.33},{"sku":"SKU_047","discount":1.8,"quantity":1,"sale_price":585.45}],"total_amount":3272.09,"total_discount":84.68},{"receipt_id":"receipt_195","date":"2024-08-03","seller_id":"seller_4","customer_id":"customer_9","items":[{"sku":"SKU_061","discount":8.67,"quantity":1,"sale_price":716.3},{"sku":"SKU_038","discount":6.7,"quantity":2,"sale_price":688.39},{"sku":"SKU_031","discount":0.22,"quantity":2,"sale_price":317.89},{"sku":"SKU_054","discount":12.98,"quantity":1,"sale_price":284.73},{"sku":"SKU_082","discount":3.37,"quantity":3,"sale_price":948.85}],"total_amount":5571.51,"total_discount":288.63},{"receipt_id":"receipt_196","date":"2024-08-03","seller_id":"seller_3","customer_id":"customer_9","items":[{"sku":"SKU_056","discount":9.69,"quantity":2,"sale_price":721.03},{"sku":"SKU_092","discount":4.44,"quantity":3,"sale_price":625.16}],"total_amount":3094.53,"total_discount":223.01},{"receipt_id":"receipt_197","date":"2024-09-03","seller_id":"seller_1","customer_id":"customer_9","items":[{"sku":"SKU_058","discount":3.22,"quantity":2,"sale_price":1073.3},{"sku":"SKU_012","discount":6.42,"quantity":1,"sale_price":626.67},{"sku":"SKU_036","discount":12.39,"quantity":2,"sale_price":944.6},{"sku":"SKU_024","discount":2.39,"quantity":3,"sale_price":629.72}],"total_amount":6163.06,"total_discount":388.58},{"receipt_id":"receipt_198","date":"2024-09-03","seller_id":"seller_5","customer_id":"customer_9","items":[{"sku":"SKU_015","discount":9.59,"quantity":1,"sale_price":458.65},{"sku":"SKU_085","discount":8.94,"quantity":3,"sale_price":663.69},{"sku":"SKU_017","discount":5.17,"quantity":1,"sale_price":829.48}],"total_amount":3014.34,"total_discount":264.87},{"receipt_id":"receipt_199","date":"2024-10-03","seller_id":"seller_4","customer_id":"customer_9","items":[{"sku":"SKU_020","discount":1.49,"quantity":2,"sale_price":229.57},{"sku":"SKU_065","discount":8.61,"quantity":1,"sale_price":1021.31},{"sku":"SKU_024","discount":8.25,"quantity":3,"sale_price":599.94},{"sku":"SKU_031","discount":4.71,"quantity":3,"sale_price":314.73}],"total_amount":3936.73,"total_discount":287.73},{"receipt_id":"receipt_200","date":"2024-11-04","seller_id":"seller_1","customer_id":"customer_9","items":[{"sku":"SKU_092","discount":0.51,"quantity":1,"sale_price":637.93},{"sku":"SKU_034","discount":10.12,"quantity":2,"sale_price":1073.64},{"sku":"SKU_048","discount":8.3,"quantity":2,"sale_price":356.27}],"total_amount":3218.06,"total_discount":279.7},{"receipt_id":"receipt_201","date":"2024-11-04","seller_id":"seller_4","customer_id":"customer_9","items":[{"sku":"SKU_045","discount":14.59,"quantity":3,"sale_price":440.5},{"sku":"SKU_096","discount":1.95,"quantity":1,"sale_price":1022.15}],"total_amount":2130.91,"total_discount":212.74},{"receipt_id":"receipt_202","date":"2023-12-04","seller_id":"seller_2","customer_id":"customer_10","items":[{"sku":"SKU_027","discount":13.64,"quantity":1,"sale_price":891.62},{"sku":"SKU_072","discount":3.88,"quantity":2,"sale_price":402.84},{"sku":"SKU_040","discount":13.54,"quantity":2,"sale_price":436.75}],"total_amount":2299.65,"total_discount":271.15},{"receipt_id":"receipt_203","date":"2023-12-04","seller_id":"seller_1","customer_id":"customer_10","items":[{"sku":"SKU_056","discount":13.35,"quantity":3,"sale_price":718.87},{"sku":"SKU_073","discount":8.25,"quantity":1,"sale_price":1090.97},{"sku":"SKU_056","discount":7.93,"quantity":3,"sale_price":739.19},{"sku":"SKU_096","discount":0.42,"quantity":2,"sale_price":996.49}],"total_amount":6895.99,"total_discount":562.14},{"receipt_id":"receipt_204","date":"2023-12-04","seller_id":"seller_5","customer_id":"customer_10","items":[{"sku":"SKU_074","discount":9.23,"quantity":3,"sale_price":892.85},{"sku":"SKU_096","discount":9.92,"quantity":1,"sale_price":1064.65}],"total_amount":3390.36,"total_discount":352.84},{"receipt_id":"receipt_205","date":"2024-01-04","seller_id":"seller_1","customer_id":"customer_10","items":[{"sku":"SKU_079","discount":3.38,"quantity":1,"sale_price":510.13},{"sku":"SKU_047","discount":8.85,"quantity":3,"sale_price":566.16},{"sku":"SKU_017","discount":0.63,"quantity":3,"sale_price":803.22}],"total_amount":4435.53,"total_discount":182.74},{"receipt_id":"receipt_206","date":"2024-01-04","seller_id":"seller_2","customer_id":"customer_10","items":[{"sku":"SKU_092","discount":14.99,"quantity":2,"sale_price":660.47},{"sku":"SKU_087","discount":12.36,"quantity":3,"sale_price":915.21},{"sku":"SKU_033","discount":7.47,"quantity":1,"sale_price":688.17}],"total_amount":4165.96,"total_discount":588.78},{"receipt_id":"receipt_207","date":"2024-01-04","seller_id":"seller_2","customer_id":"customer_10","items":[{"sku":"SKU_017","discount":6.81,"quantity":3,"sale_price":809.14},{"sku":"SKU_003","discount":10.6,"quantity":3,"sale_price":962.05}],"total_amount":4842.33,"total_discount":471.24},{"receipt_id":"receipt_208","date":"2024-02-04","seller_id":"seller_2","customer_id":"customer_10","items":[{"sku":"SKU_020","discount":13.01,"quantity":3,"sale_price":226.83},{"sku":"SKU_033","discount":2.2,"quantity":2,"sale_price":681.8}],"total_amount":1925.56,"total_discount":118.53},{"receipt_id":"receipt_209","date":"2024-02-04","seller_id":"seller_5","customer_id":"customer_10","items":[{"sku":"SKU_045","discount":8.85,"quantity":3,"sale_price":430.9}],"total_amount":1178.3,"total_discount":114.4},{"receipt_id":"receipt_210","date":"2024-02-04","seller_id":"seller_2","customer_id":"customer_10","items":[{"sku":"SKU_035","discount":13.45,"quantity":1,"sale_price":1054.34}],"total_amount":912.53,"total_discount":141.81},{"receipt_id":"receipt_211","date":"2024-03-04","seller_id":"seller_2","customer_id":"customer_10","items":[{"sku":"SKU_025","discount":13.84,"quantity":2,"sale_price":741.74},{"sku":"SKU_090","discount":5.54,"quantity":2,"sale_price":1027.57}],"total_amount":3219.46,"total_discount":319.17},{"receipt_id":"receipt_212","date":"2024-03-04","seller_id":"seller_1","customer_id":"customer_10","items":[{"sku":"SKU_077","discount":8.2,"quantity":3,"sale_price":333.89},{"sku":"SKU_094","discount":7.87,"quantity":3,"sale_price":215.87}],"total_amount":1516.17,"total_discount":133.1},{"receipt_id":"receipt_213","date":"2024-04-03","seller_id":"seller_5","customer_id":"customer_10","items":[{"sku":"SKU_071","discount":3.97,"quantity":1,"sale_price":443.27},{"sku":"SKU_081","discount":2.65,"quantity":3,"sale_price":338.91}],"total_amount":1415.46,"total_discount":44.54},{"receipt_id":"receipt_214","date":"2024-04-03","seller_id":"seller_3","customer_id":"customer_10","items":[{"sku":"SKU_047","discount":13.6,"quantity":3,"sale_price":583.08},{"sku":"SKU_048","discount":1.29,"quantity":1,"sale_price":362.56},{"sku":"SKU_040","discount":13.79,"quantity":1,"sale_price":427.31}],"total_amount":2237.6,"total_discount":301.5},{"receipt_id":"receipt_215","date":"2024-04-03","seller_id":"seller_4","customer_id":"customer_10","items":[{"sku":"SKU_016","discount":10.84,"quantity":1,"sale_price":461.51},{"sku":"SKU_095","discount":0.72,"quantity":2,"sale_price":1093.98}],"total_amount":2583.69,"total_discount":65.78},{"receipt_id":"receipt_216","date":"2024-05-03","seller_id":"seller_2","customer_id":"customer_10","items":[{"sku":"SKU_098","discount":1.26,"quantity":1,"sale_price":687.87},{"sku":"SKU_069","discount":7.04,"quantity":3,"sale_price":718.79},{"sku":"SKU_058","discount":8.17,"quantity":2,"sale_price":1052.09}],"total_amount":4616.03,"total_discount":332.39},{"receipt_id":"receipt_217","date":"2024-05-03","seller_id":"seller_1","customer_id":"customer_10","items":[{"sku":"SKU_048","discount":2.5,"quantity":1,"sale_price":360.5}],"total_amount":351.49,"total_discount":9.01},{"receipt_id":"receipt_218","date":"2024-05-03","seller_id":"seller_2","customer_id":"customer_10","items":[{"sku":"SKU_034","discount":6.11,"quantity":1,"sale_price":1079.8},{"sku":"SKU_018","discount":4.39,"quantity":3,"sale_price":929.66},{"sku":"SKU_085","discount":9.7,"quantity":1,"sale_price":630.82}],"total_amount":4249.99,"total_discount":249.6},{"receipt_id":"receipt_219","date":"2024-06-03","seller_id":"seller_4","customer_id":"customer_10","items":[{"sku":"SKU_045","discount":1.76,"quantity":2,"sale_price":432.24}],"total_amount":849.27,"total_discount":15.21},{"receipt_id":"receipt_220","date":"2024-06-03","seller_id":"seller_5","customer_id":"customer_10","items":[{"sku":"SKU_036","discount":4,"quantity":1,"sale_price":934.72},{"sku":"SKU_002","discount":12.59,"quantity":1,"sale_price":471.65},{"sku":"SKU_049","discount":0.42,"quantity":3,"sale_price":471.49}],"total_amount":2718.13,"total_discount":102.71},{"receipt_id":"receipt_221","date":"2024-07-03","seller_id":"seller_1","customer_id":"customer_10","items":[{"sku":"SKU_057","discount":0.52,"quantity":1,"sale_price":617.62},{"sku":"SKU_082","discount":4.16,"quantity":1,"sale_price":907.25},{"sku":"SKU_094","discount":8.94,"quantity":1,"sale_price":217.12}],"total_amount":1681.63,"total_discount":60.36},{"receipt_id":"receipt_222","date":"2024-07-03","seller_id":"seller_4","customer_id":"customer_10","items":[{"sku":"SKU_038","discount":13.33,"quantity":2,"sale_price":700.89},{"sku":"SKU_098","discount":3.67,"quantity":3,"sale_price":657.06}],"total_amount":3113.76,"total_discount":259.2},{"receipt_id":"receipt_223","date":"2024-07-03","seller_id":"seller_3","customer_id":"customer_10","items":[{"sku":"SKU_066","discount":6.9,"quantity":3,"sale_price":1129.74}],"total_amount":3155.36,"total_discount":233.86},{"receipt_id":"receipt_224","date":"2024-08-03","seller_id":"seller_5","customer_id":"customer_10","items":[{"sku":"SKU_058","discount":3.55,"quantity":2,"sale_price":1012.9},{"sku":"SKU_095","discount":12.46,"quantity":3,"sale_price":1069.2},{"sku":"SKU_033","discount":6.65,"quantity":1,"sale_price":670.97}],"total_amount":5388.16,"total_discount":516.2},{"receipt_id":"receipt_225","date":"2024-08-03","seller_id":"seller_3","customer_id":"customer_10","items":[{"sku":"SKU_079","discount":12.84,"quantity":1,"sale_price":515.22},{"sku":"SKU_023","discount":4.31,"quantity":1,"sale_price":967.72},{"sku":"SKU_058","discount":11.65,"quantity":2,"sale_price":1064.63}],"total_amount":3256.28,"total_discount":355.92},{"receipt_id":"receipt_226","date":"2024-09-03","seller_id":"seller_2","customer_id":"customer_10","items":[{"sku":"SKU_099","discount":13.57,"quantity":2,"sale_price":354.47}],"total_amount":612.74,"total_discount":96.2},{"receipt_id":"receipt_227","date":"2024-10-03","seller_id":"seller_4","customer_id":"customer_10","items":[{"sku":"SKU_031","discount":3.64,"quantity":2,"sale_price":311.29}],"total_amount":599.92,"total_discount":22.66},{"receipt_id":"receipt_228","date":"2024-10-03","seller_id":"seller_3","customer_id":"customer_10","items":[{"sku":"SKU_066","discount":8.23,"quantity":2,"sale_price":1137.23}],"total_amount":2087.27,"total_discount":187.19},{"receipt_id":"receipt_229","date":"2024-10-03","seller_id":"seller_1","customer_id":"customer_10","items":[{"sku":"SKU_047","discount":0.08,"quantity":3,"sale_price":600.04},{"sku":"SKU_099","discount":13.87,"quantity":3,"sale_price":351.39},{"sku":"SKU_005","discount":4.87,"quantity":3,"sale_price":753.76},{"sku":"SKU_050","discount":10.6,"quantity":2,"sale_price":599.85}],"total_amount":5930.33,"total_discount":384.95},{"receipt_id":"receipt_230","date":"2024-11-04","seller_id":"seller_5","customer_id":"customer_10","items":[{"sku":"SKU_031","discount":14.37,"quantity":2,"sale_price":320.47},{"sku":"SKU_090","discount":4.11,"quantity":1,"sale_price":1031.55}],"total_amount":1537.99,"total_discount":134.5}]}